1742454522.7820647,9.4140625,22.890625,0.11328125
1742454575.8175633,15.859375,14.453125,-13.046875
1742454575.9268928,11.75,11.15625,-17.21875
1742454576.0357091,19.5,13.375,-17.09375
1742454576.1459172,19.296875,13.015625,-13.0625
1742454576.1535435,15.09375,13.953125,-13.421875
1742454576.3495176,18.84375,13.421875,-9.40625
1742454576.4408514,3.171875,24.734375,-0.45703125
1742454576.5496492,0.58203125,26.59375,0.1875
1742454576.6591654,8.1796875,23.90625,-0.7890625
1742454576.768482,6.46875,25.28125,-0.95703125
1742454576.8765295,6.734375,25.25,-0.564453125
1742454576.8845427,7.421875,22.625,-0.47265625
1742454577.078395,6.3984375,22.65625,-1.05078125
1742454577.17406,7.015625,23.328125,-1.6435546875
1742454577.284486,7.453125,21.890625,-1.2275390625
1742454577.3934445,4.9765625,21.8125,0.056640625
1742454577.485755,6.703125,21.359375,-1.3642578125
1742454577.5947104,6.828125,22.8125,-1.4599609375
1742454577.6024883,6.4296875,22.859375,-0.849609375
1742454577.7036726,6.7890625,22.984375,-1.6171875
1742454577.7976773,2.984375,23.25,-1.34375
1742454578.0000918,5.9140625,22.5625,-1.10546875
1742454578.0078714,5.5546875,22.203125,-1.0859375
1742454578.1094837,3.984375,22.421875,-0.91015625
1742454578.3278697,5.453125,22.9375,-1.767578125
1742454578.3348827,4.390625,21.359375,-0.85546875
1742454578.4200726,5.2109375,22.28125,-0.748046875
1742454578.5295944,7.4375,21.296875,-1.802734375
1742454578.638239,6.453125,23.21875,-1.3994140625
1742454578.7351131,5.390625,21.859375,-1.150390625
1742454578.8399544,6.8671875,23.84375,-0.849609375
1742454578.9505212,4.84375,23.9375,-0.091796875
1742454579.045957,6.734375,23.171875,-2.4921875
1742454579.2637134,6.6328125,22.203125,-1.8564453125
1742454579.270711,6.0703125,22.8125,-1.76953125
1742454579.4666877,6.9375,23.015625,-2.3671875
1742454579.4736965,7.4765625,23.953125,-1.400390625
1742454579.577539,7.03125,25.5625,-2.443359375
1742454579.7804632,12.375,26.078125,-3.3203125
1742454579.7874858,14.625,28.75,-5.8515625
1742454579.890503,11.078125,35.46875,-5.03125
1742454579.984681,15.734375,36.65625,-7.88671875
1742454580.2019749,12.546875,34.6875,-5.34375
1742454580.209494,13.3125,34.78125,-7.4140625
1742454580.3098826,12.390625,35.1875,-6.98828125
1742454580.5280724,10.6171875,33.90625,-7.25390625
1742454580.5357842,9.90625,31.78125,-6.0078125
1742454580.6225955,9.515625,31.4375,-6.7109375
1742454580.8418875,11.390625,31.84375,-5.69921875
1742454580.8480124,10.2578125,33.1875,-6.3671875
1742454580.9493697,10.78125,32.09375,-5.80859375
1742454581.167537,9.28125,33.53125,-5.5546875
1742454581.2784662,10.671875,30.9375,-7.25390625
1742454581.2859776,10.296875,32.3125,-5.84765625
1742454581.3720334,10.015625,31.5625,-4.73046875
1742454581.4801779,10.34375,33.59375,-5.24609375
1742454581.5884666,9.0390625,32.5,-5.02734375
1742454581.6960156,9.3125,33.15625,-5.18359375
1742454581.8055944,10.1640625,32.71875,-4.79296875
1742454582.0239449,11.140625,31.21875,-5.9375
1742454582.0319433,14.984375,24.15625,-6.421875
1742454582.1190734,15.375,20.625,-5.65625
1742454582.436455,22.734375,0.0625,-3.615234375
1742454582.647096,24.765625,-7.94140625,0.068359375
1742454582.756021,18.453125,-22.515625,3.38671875
1742454582.7638419,25.609375,-28.015625,5.64453125
1742454582.8647919,24.015625,-26.375,5.39453125
1742454583.0837078,23.328125,-26.59375,4.2734375
1742454583.0907059,28.515625,-27.890625,3.4453125
1742454583.1905963,26.25,-27.65625,3.6796875
1742454583.3954933,27.796875,-26.921875,1.86328125
1742454583.503493,25.265625,-27.328125,2.76171875
1742454583.511011,26.984375,-27.703125,3.96875
1742454583.6124022,35.75,-32.71875,5.56640625
1742454583.7235155,27.734375,-31.421875,6.77734375
1742454583.923704,32.375,-37.3125,11.078125
1742454583.930702,27.265625,-36.46875,10.15625
1742454584.140675,27.171875,-34.9375,8.21875
1742454584.1482596,23.078125,-31.921875,6.68359375
1742454584.2516432,21.0,-32.5,5.37890625
1742454584.3605123,31.765625,-33.375,8.921875
1742454584.455504,27.203125,-32.03125,7.63671875
1742454584.5642042,23.703125,-30.734375,5.99609375
1742454584.7669222,24.890625,-29.234375,6.58984375
1742454584.8766127,25.375,-24.125,4.57421875
1742454584.8836255,16.96875,-17.765625,3.1484375
1742454585.0976667,17.609375,-12.734375,6.34765625
1742454585.1046808,16.5625,-7.78125,6.30859375
1742454585.2055771,17.390625,-2.9921875,5.53515625
1742454587.3388371,15.625,6.65234375,6.82421875
1742454587.4320745,23.390625,5.11328125,5.34765625
1742454587.5385833,30.328125,2.265625,4.171875
1742454587.6479945,34.0,2.1640625,0.71875
1742454587.75755,43.3125,0.43359375,-0.390625
1742454587.8671148,49.0625,-3.939453125,-2.0
1742454587.8738024,55.0625,-10.34375,3.47265625
1742454588.0691054,57.5625,-13.46875,5.99609375
1742454589.1285257,57.625,-8.390625,-0.083984375
1742454589.2377927,51.75,-2.119140625,-0.91015625
1742454589.3466566,54.875,-3.333984375,0.21484375
1742454589.457055,54.875,-3.939453125,-1.115234375
1742454589.564471,52.0625,-1.720703125,0.31640625
1742454589.674575,51.375,-2.2890625,2.3046875
1742454589.7674124,51.6875,-1.23828125,2.8671875
1742454589.877865,54.25,-3.875,-0.119140625
1742454595.4667714,55.6875,3.62890625,0.984375
1742454595.577488,54.1875,3.98046875,0.697265625
1742454595.685636,56.375,3.98828125,0.080078125
1742454595.7960753,54.3125,6.80859375,-0.43359375
1742454595.9028332,52.0625,10.28125,-0.810546875
1742454596.0127225,49.8125,8.40625,0.333984375
1742454596.1202023,54.8125,7.01953125,-0.01171875
1742454596.2297914,42.125,9.265625,1.58203125
1742454596.338435,37.125,7.19140625,1.5
1742454596.432692,33.0,10.984375,1.0390625
1742454596.5419197,30.359375,7.96484375,1.15625
1742454596.6501708,22.765625,9.40625,-0.033203125
1742454596.7616503,18.0,10.140625,2.5859375
1742454597.292198,-18.03125,3.73828125,-1.052734375
1742454597.39973,-20.21875,6.59765625,1.19140625
1742454597.5101624,-22.015625,6.35546875,1.76953125
1742454597.605502,-24.09375,2.57421875,-0.078125
1742454597.713832,-23.90625,4.18359375,1.4375
1742454597.8218846,-26.390625,3.38671875,1.19921875
1742454597.931087,-27.109375,6.27734375,4.1796875
1742454598.0407383,-28.109375,5.94140625,2.82421875
1742454598.14974,-23.046875,6.82421875,3.01953125
1742454598.2434444,-22.4375,6.33203125,1.828125
1742454598.3507845,-20.796875,8.078125,0.90234375
1742454598.4587023,-20.390625,10.671875,1.19140625
1742454598.5677764,-17.84375,12.296875,0.82421875
1742454598.675624,-15.3671875,11.375,2.6328125
1742454598.7851539,-19.734375,13.6875,3.32421875
1742454598.8937182,-18.0,13.625,2.28515625
1742454599.0026932,-12.828125,15.234375,3.01171875
1742454599.2056937,-9.7421875,15.671875,1.72265625
1742454599.3137164,-9.7421875,16.3125,2.921875
1742454599.6267653,-7.5625,17.53125,4.625
1742454599.7348578,-0.609375,18.921875,2.3359375
1742454599.8424501,8.7265625,18.546875,4.76171875
1742454599.935916,16.484375,19.921875,6.92578125
1742454600.0437386,24.015625,20.34375,8.15625
1742454600.1541502,25.125,19.015625,11.09375
1742454600.2605982,29.640625,18.046875,12.21875
1742454600.368435,28.609375,17.5,14.890625
1742454600.4769168,28.609375,17.671875,15.59375
1742454600.587851,32.25,19.21875,13.75
1742454600.6956918,34.0625,20.5625,12.609375
1742454600.8037393,36.0625,22.6875,14.46875
1742454600.9122028,28.921875,20.65625,14.875
1742454601.0057309,32.8125,19.71875,13.953125
1742454601.1157534,34.5,17.28125,13.171875
1742454601.2247448,30.359375,18.109375,15.25
1742454601.3328934,27.296875,18.40625,12.3125
1742454601.428859,24.671875,18.046875,-0.162109375
1742454601.5381422,24.890625,6.16796875,-1.453125
1742454601.6479437,29.515625,1.80859375,-4.87890625
1742454601.7416325,29.171875,-3.00390625,-8.28125
1742454601.8514664,24.828125,-15.0625,-11.96875
1742454601.9599714,21.921875,-20.6875,-17.328125
1742454602.0667467,17.8125,-23.03125,-23.90625
1742454602.175211,15.0625,-28.421875,-31.4375
1742454602.2846093,13.53125,-33.25,-32.8125
1742454602.3917112,16.109375,-28.75,-31.671875
1742454602.4986677,14.015625,-32.65625,-37.75
1742454602.6072779,10.1953125,-29.09375,-34.5
1742454602.714692,14.34375,-24.078125,-30.9375
1742454602.8242767,20.1875,-23.671875,-25.90625
1742454602.916867,16.5625,-21.90625,-28.09375
1742454603.0272233,17.9375,-19.421875,-26.09375
1742454603.1345005,18.8125,-17.9375,-25.515625
1742454603.2478328,20.484375,-11.90625,-18.515625
1742454603.3526769,27.703125,-2.306640625,-12.75
1742454603.44482,36.4375,3.98046875,-8.21875
1742454603.552862,30.328125,9.265625,-9.046875
1742454603.6624634,34.4375,9.796875,-7.9765625
1742454603.7707376,35.0625,8.796875,-6.59375
1742454603.867914,30.109375,14.171875,-4.3203125
1742454603.9747524,29.015625,20.25,-6.6875
2025-03-20 16:13:26,38.75,11.328125,-6.1875
2025-03-20 16:13:26,43.9375,11.75,-11.0
2025-03-20 16:13:26,44.0625,13.140625,-11.5
2025-03-20 16:13:27,39.875,12.6875,-6.390625
2025-03-20 16:13:27,44.8125,12.515625,-8.015625
2025-03-20 16:13:27,41.9375,13.59375,-8.2890625
2025-03-20 16:13:27,43.125,12.28125,-7.61328125
2025-03-20 16:13:27,18.0,20.578125,-0.94140625
2025-03-20 16:13:27,16.046875,21.515625,-0.455078125
2025-03-20 16:13:27,13.421875,22.484375,-1.291015625
2025-03-20 16:13:27,14.703125,21.75,-0.6328125
2025-03-20 16:13:27,15.03125,22.59375,-0.380859375
2025-03-20 16:13:28,17.890625,21.5625,-0.048828125
2025-03-20 16:13:28,14.921875,22.09375,0.0390625
2025-03-20 16:13:28,17.296875,22.0625,-1.162109375
2025-03-20 16:13:38,31.203125,4.86328125,-10.1640625
2025-03-20 16:13:38,34.875,8.03125,-13.0625
2025-03-20 16:13:38,36.125,8.171875,-13.09375
2025-03-20 16:13:38,36.9375,6.86328125,-15.328125
2025-03-20 16:13:38,40.125,8.421875,-15.609375
2025-03-20 16:13:38,33.3125,6.62890625,-12.078125
2025-03-20 16:13:38,33.0625,6.30859375,-16.078125
2025-03-20 16:13:39,17.59375,1.265625,8.6875
2025-03-20 16:13:39,22.6875,1.63671875,9.0
2025-03-20 16:13:39,21.546875,2.23046875,8.71875
2025-03-20 16:13:39,16.75,2.86328125,7.01953125
2025-03-20 16:13:40,18.3125,2.87109375,-1.859375
2025-03-20 16:13:40,18.75,2.109375,-2.44140625
2025-03-20 16:13:40,18.484375,5.63671875,7.54296875
2025-03-20 16:13:41,20.875,-0.2421875,-0.708984375
2025-03-20 16:13:41,23.796875,0.16796875,0.228515625
2025-03-20 16:13:41,15.09375,1.56640625,-1.033203125
2025-03-20 16:13:41,19.609375,-0.5,-9.1328125
2025-03-20 16:13:42,18.34375,-1.71875,-9.0625
2025-03-20 16:13:42,16.25,1.0859375,-5.1484375
2025-03-20 16:13:42,19.546875,13.71875,3.2734375
2025-03-20 16:13:42,20.296875,26.96875,5.55859375
2025-03-20 16:13:42,17.984375,20.984375,4.47265625
2025-03-20 16:13:42,16.28125,3.87890625,-3.87890625
2025-03-20 16:13:42,24.3125,-2.177734375,-7.0546875
2025-03-20 16:13:43,17.203125,-4.8984375,-10.984375
2025-03-20 16:13:43,16.40625,-6.25,-8.140625
2025-03-20 16:13:43,16.40625,12.40625,1.73828125
2025-03-20 16:13:43,19.515625,18.46875,0.05859375
2025-03-20 16:13:43,18.09375,14.5,2.41796875
2025-03-20 16:13:43,18.890625,14.765625,0.080078125
2025-03-20 16:13:43,22.578125,11.078125,4.52734375
2025-03-20 16:13:44,25.125,1.13671875,10.765625
2025-03-20 16:13:44,20.3125,0.6015625,9.140625
2025-03-20 16:13:44,22.3125,-6.62109375,-8.875
2025-03-20 16:13:44,21.0625,-9.875,-14.3125
2025-03-20 16:13:44,25.34375,-3.66796875,-9.578125
2025-03-20 16:13:44,23.390625,5.67578125,-2.02734375
2025-03-20 16:13:44,19.96875,17.328125,0.671875
2025-03-20 16:13:45,25.078125,26.640625,3.54296875
2025-03-20 16:13:45,6.5703125,29.09375,5.73046875
2025-03-20 16:13:45,-10.140625,24.265625,5.86328125
2025-03-20 16:13:45,-8.703125,27.28125,5.72265625
2025-03-20 16:13:45,13.390625,22.453125,-1.05078125
2025-03-20 16:13:45,15.328125,15.234375,-5.0390625
2025-03-20 16:13:46,17.125,-6.765625,8.8125
2025-03-20 16:13:46,24.0625,-5.0625,15.5625
2025-03-20 16:13:46,23.4375,-6.19921875,10.4375
2025-03-20 16:13:46,14.59375,-18.625,-14.390625
2025-03-20 16:13:46,12.921875,-19.40625,-16.140625
2025-03-20 16:13:46,12.125,-14.984375,-15.0625
2025-03-20 16:13:46,16.703125,-6.08203125,-7.4921875
2025-03-20 16:13:46,18.546875,-1.693359375,-4.2890625
2025-03-20 16:13:47,18.421875,-1.52734375,6.76171875
2025-03-20 16:13:47,15.140625,-3.17578125,1.84375
2025-03-20 16:13:47,21.5,-9.921875,-1.201171875
2025-03-20 16:13:48,16.359375,-21.703125,-6.015625
2025-03-20 16:13:48,12.984375,-15.6875,-8.5
2025-03-20 16:13:48,-0.59375,-17.59375,-10.453125
2025-03-20 16:13:48,13.625,-25.453125,0.6796875
2025-03-20 16:13:48,22.96875,-30.171875,6.24609375
2025-03-20 16:13:48,20.28125,-25.375,3.44921875
2025-03-20 16:13:48,13.15625,-17.65625,2.88671875
2025-03-20 16:13:48,19.875,-14.625,8.140625
2025-03-20 16:13:48,26.15625,-8.4375,15.921875
2025-03-20 16:13:49,25.296875,-2.505859375,17.703125
2025-03-20 16:13:49,22.890625,0.21484375,13.203125
2025-03-20 16:13:49,28.203125,1.80859375,4.92578125
2025-03-20 16:13:49,25.53125,4.02734375,-0.572265625
2025-03-20 16:13:49,25.71875,1.64453125,-7.5234375
2025-03-20 16:13:49,17.703125,1.7890625,-11.84375
2025-03-20 16:13:49,18.34375,11.109375,-3.37890625
2025-03-20 16:13:50,24.203125,11.5,6.40234375
2025-03-20 16:13:50,21.203125,14.734375,10.640625
2025-03-20 16:13:50,16.28125,18.453125,12.625
2025-03-20 16:13:50,16.25,18.296875,15.328125
2025-03-20 16:13:50,25.78125,19.015625,15.015625
2025-03-20 16:13:50,23.609375,19.03125,15.109375
2025-03-20 16:13:50,17.765625,23.796875,11.765625
2025-03-20 16:13:50,13.28125,22.46875,7.83984375
2025-03-20 16:13:50,10.4453125,25.984375,2.484375
2025-03-20 16:13:50,0.18359375,21.140625,-1.001953125
2025-03-20 16:13:51,-0.2265625,15.03125,-3.57421875
2025-03-20 16:13:51,21.59375,-1.888671875,-16.65625
2025-03-20 16:13:51,17.546875,-3.130859375,-16.875
2025-03-20 16:13:51,16.921875,-2.46875,-7.28515625
2025-03-20 16:13:51,20.96875,-1.900390625,-3.279296875
2025-03-20 16:13:52,22.28125,-0.015625,0.783203125
2025-03-20 16:13:52,20.953125,7.26171875,4.86328125
2025-03-20 16:13:52,17.65625,13.875,7.14453125
2025-03-20 16:13:52,11.15625,17.734375,9.28125
2025-03-20 16:13:52,23.28125,22.046875,10.609375
2025-03-20 16:13:52,28.078125,25.171875,15.203125
2025-03-20 16:13:52,24.328125,26.453125,9.75
2025-03-20 16:13:52,21.609375,19.6875,3.55859375
2025-03-20 16:13:52,20.390625,17.3125,0.84765625
2025-03-20 16:13:53,21.0625,8.734375,-4.2890625
2025-03-20 16:13:53,20.75,5.31640625,-6.515625
2025-03-20 16:13:53,18.171875,0.859375,-9.0703125
2025-03-20 16:13:53,23.296875,-0.14453125,-13.0625
2025-03-20 16:13:53,28.609375,-7.0390625,-15.359375
2025-03-20 16:13:53,28.046875,-11.5078125,-16.875
2025-03-20 16:13:53,23.78125,-11.546875,-14.96875
2025-03-20 16:13:53,16.03125,-12.421875,-7.7890625
2025-03-20 16:13:53,20.75,-15.796875,4.25
2025-03-20 16:13:54,28.171875,-12.0,16.296875
2025-03-20 16:13:54,37.9375,-7.40234375,11.890625
2025-03-20 16:13:54,31.484375,-6.234375,10.859375
2025-03-20 16:13:54,25.234375,-1.2109375,7.37890625
2025-03-20 16:13:54,16.09375,16.890625,11.59375
2025-03-20 16:13:54,28.546875,18.46875,14.984375
2025-03-20 16:13:54,28.515625,23.015625,18.3125
2025-03-20 16:13:54,31.078125,31.75,7.41796875
2025-03-20 16:13:54,24.03125,42.375,3.765625
2025-03-20 16:13:54,18.78125,43.25,3.37890625
2025-03-20 16:13:55,26.671875,52.03125,-1.205078125
2025-03-20 16:13:55,22.359375,48.625,-2.302734375
2025-03-20 16:13:55,21.796875,45.59375,-1.205078125
2025-03-20 16:13:55,21.921875,43.875,-1.029296875
2025-03-20 16:13:55,25.546875,39.03125,-2.15234375
2025-03-20 16:13:55,21.109375,38.90625,-2.568359375
2025-03-20 16:13:55,14.734375,33.0625,-1.537109375
2025-03-20 16:13:55,15.921875,24.890625,-3.365234375
2025-03-20 16:13:56,14.5625,26.84375,-6.0390625
2025-03-20 16:13:56,16.390625,19.1875,-6.265625
2025-03-20 16:13:56,15.859375,19.3125,-8.46875
2025-03-20 16:13:56,8.8046875,19.1875,-10.25
2025-03-20 16:13:56,13.609375,0.3125,-17.203125
2025-03-20 16:13:56,18.421875,-5.46875,-18.96875
2025-03-20 16:13:56,15.0,-9.625,-17.703125
2025-03-20 16:13:56,14.46875,-13.109375,-16.109375
2025-03-20 16:13:56,20.109375,-19.34375,-13.546875
2025-03-20 16:13:57,22.15625,-21.078125,-6.6484375
2025-03-20 16:13:57,15.921875,-20.359375,-1.6494140625
2025-03-20 16:13:57,15.875,-13.984375,2.28125
2025-03-20 16:13:57,24.65625,-6.3203125,3.62109375
2025-03-20 16:13:57,29.078125,-3.12890625,6.23828125
2025-03-20 16:13:57,27.609375,-0.375,8.390625
2025-03-20 16:13:57,24.734375,4.62890625,9.703125
2025-03-20 16:13:57,25.078125,11.375,10.109375
2025-03-20 16:13:57,24.4375,14.53125,11.578125
2025-03-20 16:13:57,25.734375,17.625,12.15625
2025-03-20 16:13:58,27.890625,21.3125,13.125
2025-03-20 16:13:58,24.78125,20.671875,12.84375
2025-03-20 16:13:58,22.609375,23.609375,14.59375
2025-03-20 16:13:58,18.375,24.734375,18.109375
2025-03-20 16:13:58,14.5625,25.703125,19.828125
2025-03-20 16:13:58,10.5859375,31.5,23.171875
2025-03-20 16:13:58,5.5859375,34.03125,28.421875
2025-03-20 16:13:58,8.2578125,32.25,26.75
2025-03-20 16:13:58,16.859375,32.375,19.25
2025-03-20 16:13:59,16.328125,25.6875,17.984375
2025-03-20 16:13:59,17.046875,24.25,15.625
2025-03-20 16:13:59,22.84375,22.921875,10.078125
2025-03-20 16:13:59,24.734375,24.625,5.05078125
2025-03-20 16:13:59,30.265625,21.875,3.1640625
2025-03-20 16:13:59,30.203125,17.296875,3.28515625
2025-03-20 16:13:59,27.484375,12.0,0.009765625
2025-03-20 16:13:59,24.796875,5.37109375,0.513671875
2025-03-20 16:13:59,27.453125,-0.4765625,-3.39453125
2025-03-20 16:13:59,29.453125,-0.140625,-2.712890625
2025-03-20 16:14:00,25.53125,3.94921875,-1.51171875
2025-03-20 16:14:00,24.671875,-0.49609375,-2.732421875
2025-03-20 16:14:00,21.34375,-3.3125,-5.453125
2025-03-20 16:14:00,19.609375,-3.62890625,-4.9140625
2025-03-20 16:14:00,21.375,-4.73046875,-2.380859375
2025-03-20 16:14:00,25.984375,-6.890625,-4.83203125
2025-03-20 16:14:00,25.140625,-2.326171875,-2.048828125
2025-03-20 16:14:00,31.796875,-3.779296875,-4.97265625
2025-03-20 16:14:00,24.515625,-1.970703125,-3.515625
2025-03-20 16:14:01,27.484375,-3.34765625,-3.8671875
2025-03-20 16:14:01,28.203125,-0.11328125,-4.9921875
2025-03-20 16:14:01,29.078125,1.8359375,-3.92578125
2025-03-20 16:14:01,27.890625,6.44921875,-0.1484375
2025-03-20 16:14:01,24.265625,3.17578125,1.11328125
2025-03-20 16:14:01,28.015625,2.14453125,-0.537109375
2025-03-20 16:14:01,23.953125,1.84375,1.5859375
2025-03-20 16:14:01,31.984375,-1.509765625,-1.080078125
2025-03-20 16:14:01,30.453125,-1.556640625,-1.4990234375
2025-03-20 16:14:01,25.046875,0.25,-2.140625
2025-03-20 16:14:02,29.859375,-2.494140625,-3.04296875
2025-03-20 16:14:02,23.828125,-0.2265625,-1.0703125
2025-03-20 16:14:02,22.921875,-3.166015625,-2.51171875
2025-03-20 16:14:02,27.015625,-2.93359375,-0.62890625
2025-03-20 16:14:02,29.859375,0.1640625,-1.021484375
2025-03-20 16:14:02,28.640625,2.1875,-0.5234375
2025-03-20 16:14:02,26.421875,-0.94140625,0.03125
2025-03-20 16:14:02,24.578125,0.984375,0.28125
2025-03-20 16:14:02,23.015625,-2.8046875,-1.859375
2025-03-20 16:14:03,19.515625,-0.33203125,-4.140625
2025-03-20 16:14:03,25.078125,0.16015625,-2.5234375
2025-03-20 16:14:03,21.046875,-1.806640625,-3.11328125
2025-03-20 16:14:03,15.640625,2.91796875,-4.12109375
2025-03-20 16:14:03,15.21875,6.60546875,-2.775390625
2025-03-20 16:14:03,17.90625,6.07421875,-5.73046875
2025-03-20 16:14:03,15.375,9.34375,-3.330078125
2025-03-20 16:14:04,28.859375,-2.46484375,-2.8828125
2025-03-20 16:14:04,27.140625,-1.501953125,-1.4755859375
2025-03-20 16:14:04,36.0625,-2.75,-3.248046875
2025-03-20 16:14:04,28.296875,-7.4140625,-14.53125
2025-03-20 16:14:04,19.5625,-6.58203125,-7.63671875
2025-03-20 16:14:04,20.1875,-3.1015625,-4.27734375
2025-03-20 16:14:04,23.4375,-4.0,-6.08203125
2025-03-20 16:14:04,15.28125,-3.875,-3.91796875
2025-03-20 16:14:05,16.890625,-4.51953125,-10.0625
2025-03-20 16:14:05,5.28125,-2.921875,-18.28125
2025-03-20 16:14:05,15.171875,-2.626953125,-18.65625
2025-03-20 16:14:05,13.3125,-0.5,-20.140625
2025-03-20 16:14:05,8.4453125,-3.341796875,-15.0625
2025-03-20 16:14:06,18.671875,-1.75390625,-5.7890625
2025-03-20 16:14:06,15.609375,-3.7578125,-6.71484375
2025-03-20 16:14:06,17.171875,-2.21875,-6.71875
2025-03-20 16:14:06,19.71875,-1.708984375,-5.296875
2025-03-20 16:14:07,20.71875,-1.861328125,-9.4453125
2025-03-20 16:14:07,22.71875,1.16796875,-7.0078125
2025-03-20 16:14:07,24.875,1.46484375,-7.01171875
2025-03-20 16:14:07,22.484375,2.21875,-6.828125
2025-03-20 16:14:07,21.125,2.91796875,-5.265625
2025-03-20 16:14:07,22.828125,5.68359375,-4.5
2025-03-20 16:14:07,21.640625,5.94921875,-3.283203125
2025-03-20 16:14:07,22.0,6.37890625,-3.56640625
2025-03-20 16:14:07,22.25,7.05078125,-3.05859375
2025-03-20 16:14:08,21.359375,7.32421875,-3.73046875
2025-03-20 16:14:08,19.890625,9.296875,-3.568359375
2025-03-20 16:14:08,19.546875,10.203125,-4.04296875
2025-03-20 16:14:08,20.25,9.765625,-2.607421875
2025-03-20 16:14:08,20.46875,9.859375,-3.689453125
2025-03-20 16:14:08,21.96875,9.15625,-2.66015625
2025-03-20 16:14:08,17.140625,10.375,-1.75390625
2025-03-20 16:14:08,21.375,11.65625,-0.77734375
2025-03-20 16:14:08,20.203125,11.5625,-0.73828125
2025-03-20 16:14:08,19.234375,12.25,-0.7734375
2025-03-20 16:14:09,20.359375,11.9375,-1.9462890625
2025-03-20 16:14:09,19.96875,10.78125,0.4765625
2025-03-20 16:14:09,23.796875,10.734375,0.595703125
2025-03-20 16:14:09,20.765625,11.109375,0.5390625
2025-03-20 16:14:09,18.1875,11.1875,-0.64453125
2025-03-20 16:14:09,19.046875,10.484375,-0.4140625
2025-03-20 16:14:09,24.3125,9.8125,-0.958984375
2025-03-20 16:14:09,23.625,10.21875,-0.724609375
2025-03-20 16:14:09,24.3125,11.953125,-0.955078125
2025-03-20 16:14:09,22.09375,13.890625,-1.53125
2025-03-20 16:14:10,21.96875,11.453125,-0.6953125
2025-03-20 16:14:10,21.859375,13.890625,-0.978515625
2025-03-20 16:14:10,19.046875,12.171875,-0.529296875
2025-03-20 16:14:10,23.15625,11.859375,0.341796875
2025-03-20 16:14:10,25.453125,11.5625,-0.26171875
2025-03-20 16:14:10,23.109375,13.8125,0.419921875
2025-03-20 16:14:10,23.265625,9.734375,1.5390625
2025-03-20 16:14:10,25.34375,9.15625,0.431640625
2025-03-20 16:14:11,23.5,7.73046875,1.16015625
2025-03-20 16:14:11,18.4375,4.16796875,-0.251953125
2025-03-20 16:14:11,15.359375,6.64453125,2.02734375
2025-03-20 16:14:11,16.109375,4.62109375,0.98046875
2025-03-20 16:14:11,18.375,4.75390625,0.09765625
2025-03-20 16:14:11,15.125,9.21875,2.96484375
2025-03-20 16:14:11,18.671875,10.078125,3.3671875
2025-03-20 16:14:12,15.5,10.390625,3.1171875
2025-03-20 16:14:12,19.203125,12.046875,3.96484375
2025-03-20 16:14:12,20.859375,12.109375,4.08984375
2025-03-20 16:14:12,18.515625,12.375,4.109375
2025-03-20 16:14:12,16.09375,10.984375,4.83984375
2025-03-20 16:14:13,15.8125,8.265625,4.35546875
2025-03-20 16:14:13,17.3125,6.42578125,3.98828125
2025-03-20 16:14:14,17.375,9.3125,3.34765625
2025-03-20 16:14:14,16.5,15.5,4.50390625
2025-03-20 16:14:14,8.15625,15.4375,5.48828125
2025-03-20 16:14:14,18.46875,14.71875,5.38671875
2025-03-20 16:14:14,16.515625,13.203125,5.92578125
2025-03-20 16:14:15,16.890625,13.53125,6.16015625
2025-03-20 16:14:15,15.046875,13.21875,6.04296875
2025-03-20 16:14:16,18.765625,10.09375,6.83203125
2025-03-20 16:14:16,17.359375,7.52734375,6.35546875
2025-03-20 16:14:16,16.6875,10.421875,5.01953125
2025-03-20 16:14:16,15.875,9.84375,5.20703125
2025-03-20 16:14:16,18.96875,9.09375,5.62890625
2025-03-20 16:14:16,17.859375,5.44140625,5.16015625
2025-03-20 16:14:16,15.6875,9.34375,5.40234375
2025-03-20 16:14:17,17.09375,10.21875,5.16796875
2025-03-20 16:14:18,16.21875,2.359375,2.421875
2025-03-20 16:14:18,16.359375,2.15234375,2.77734375
2025-03-20 16:14:18,16.59375,2.5859375,2.5625
2025-03-20 16:14:18,16.09375,1.52734375,2.76171875
2025-03-20 16:14:19,16.46875,2.57421875,2.45703125
2025-03-20 16:14:19,20.09375,3.22265625,3.3203125
2025-03-20 16:14:19,17.984375,2.62109375,2.88671875
2025-03-20 16:14:19,15.328125,3.29296875,3.99609375
2025-03-20 16:14:19,22.015625,2.85546875,3.33984375
2025-03-20 16:14:19,18.390625,7.59765625,4.96484375
2025-03-20 16:14:20,16.84375,5.36328125,3.88671875
2025-03-20 16:14:20,15.625,3.83203125,4.62890625
2025-03-20 16:14:20,19.15625,2.88671875,4.5546875
2025-03-20 16:14:20,19.890625,3.33203125,4.55078125
2025-03-20 16:14:20,17.265625,11.15625,3.05078125
2025-03-20 16:14:20,22.1875,5.98046875,4.10546875
2025-03-20 16:14:20,18.671875,8.53125,7.06640625
2025-03-20 16:14:21,23.65625,15.078125,5.89453125
2025-03-20 16:14:21,23.0625,10.765625,9.15625
2025-03-20 16:14:21,18.890625,12.640625,8.734375
2025-03-20 16:14:21,18.5625,5.54296875,6.86328125
2025-03-20 16:14:21,19.546875,8.984375,6.16015625
2025-03-20 16:14:21,27.515625,2.421875,5.50390625
2025-03-20 16:14:21,26.25,2.95703125,5.94140625
2025-03-20 16:14:22,25.09375,1.140625,4.98828125
2025-03-20 16:14:22,21.875,2.015625,5.54296875
2025-03-20 16:14:22,23.109375,3.12890625,4.88671875
2025-03-20 16:14:22,28.296875,2.69140625,5.18359375
2025-03-20 16:14:22,27.265625,3.44140625,5.61328125
2025-03-20 16:14:22,22.671875,4.51953125,4.98828125
2025-03-20 16:14:22,23.796875,5.65234375,5.41015625
2025-03-20 16:14:22,28.328125,2.91796875,4.37109375
2025-03-20 16:14:22,25.953125,6.69140625,5.58203125
2025-03-20 16:14:22,15.59375,8.875,5.47265625
2025-03-20 16:14:23,19.0625,7.36328125,4.2265625
2025-03-20 16:14:23,19.703125,7.67578125,4.19921875
2025-03-20 16:14:23,25.515625,5.39453125,5.59765625
2025-03-20 16:14:23,23.375,5.25390625,5.90234375
2025-03-20 16:14:23,20.859375,8.59375,5.19140625
2025-03-20 16:14:23,17.578125,9.671875,3.88671875
2025-03-20 16:14:23,17.96875,11.546875,4.96484375
2025-03-20 16:14:23,22.578125,11.984375,6.01171875
2025-03-20 16:14:24,15.609375,13.0625,3.69140625
2025-03-20 16:14:24,15.40625,14.875,2.9921875
2025-03-20 16:14:24,18.0625,9.640625,6.76953125
2025-03-20 16:14:24,25.921875,10.09375,6.14453125
2025-03-20 16:14:24,25.234375,12.1875,4.57421875
2025-03-20 16:14:24,27.953125,12.375,1.08203125
2025-03-20 16:14:24,30.328125,17.546875,-5.671875
2025-03-20 16:14:25,22.765625,20.421875,-10.5625
2025-03-20 16:14:25,22.03125,20.71875,-14.9375
2025-03-20 16:14:25,20.796875,24.03125,-15.375
2025-03-20 16:14:25,25.25,17.765625,-14.34375
2025-03-20 16:14:25,32.0625,15.515625,-11.609375
2025-03-20 16:14:25,30.359375,16.90625,-11.0
2025-03-20 16:14:25,29.828125,13.65625,-10.6875
2025-03-20 16:14:25,26.078125,19.921875,-8.34375
2025-03-20 16:14:25,28.796875,21.796875,-5.24609375
2025-03-20 16:14:25,30.796875,21.96875,0.33203125
2025-03-20 16:14:26,32.875,16.609375,3.50390625
2025-03-20 16:14:26,32.875,21.328125,6.96484375
2025-03-20 16:14:26,31.671875,21.75,8.28125
2025-03-20 16:14:26,41.9375,26.0625,6.08203125
2025-03-20 16:14:26,41.4375,33.65625,5.08984375
2025-03-20 16:14:26,39.75,37.9375,-4.8515625
2025-03-20 16:14:26,41.875,30.5,-4.77734375
2025-03-20 16:14:26,41.1875,30.75,-3.46484375
2025-03-20 16:14:26,43.6875,19.453125,-4.2578125
2025-03-20 16:34:26,36.75,11.15625,-11.9375
2025-03-20 16:34:26,36.75,10.921875,-14.0625
2025-03-20 16:34:26,33.25,10.828125,-19.59375
2025-03-20 16:34:26,37.625,11.703125,-13.828125
2025-03-20 16:34:26,39.6875,11.328125,-14.8125
2025-03-20 16:34:26,39.875,11.453125,-15.71875
2025-03-20 16:34:27,44.3125,11.8125,-12.984375
2025-03-20 16:34:27,23.15625,19.484375,-3.125
2025-03-20 16:34:27,23.140625,20.578125,-3.73828125
2025-03-20 16:34:27,23.140625,20.34375,-4.0234375
2025-03-20 16:34:27,27.203125,20.328125,-3.689453125
2025-03-20 16:34:27,24.6875,21.0,-4.52734375
2025-03-20 16:34:27,27.984375,21.265625,-5.2890625
2025-03-20 16:34:27,30.890625,19.09375,-5.75
2025-03-20 16:34:27,27.703125,20.609375,-5.984375
2025-03-20 16:34:27,30.453125,19.796875,-6.2578125
2025-03-20 16:34:28,26.625,20.8125,-5.4765625
2025-03-20 16:34:28,27.046875,19.640625,-5.875
2025-03-20 16:34:28,23.609375,18.59375,-5.82421875
2025-03-20 16:34:28,26.859375,20.359375,-5.640625
2025-03-20 16:34:28,26.015625,20.515625,-5.203125
2025-03-20 16:34:28,24.65625,21.453125,-5.078125
2025-03-20 16:34:28,26.21875,19.3125,-4.796875
2025-03-20 16:34:28,25.703125,21.265625,-4.71484375
2025-03-20 16:34:28,27.515625,19.453125,-7.01171875
2025-03-20 16:34:28,25.328125,21.125,-4.90625
2025-03-20 16:34:29,27.078125,19.421875,-5.3203125
2025-03-20 16:34:29,25.203125,19.390625,-5.8671875
2025-03-20 16:34:29,26.09375,18.375,-5.43359375
2025-03-20 16:34:29,26.296875,18.953125,-5.90625
2025-03-20 16:34:29,28.171875,18.125,-6.5390625
2025-03-20 16:34:29,27.046875,19.046875,-6.40625
2025-03-20 16:34:29,25.015625,18.484375,-5.4296875
2025-03-20 16:34:29,20.765625,18.484375,-6.6015625
2025-03-20 16:34:30,24.59375,12.625,-4.58984375
2025-03-20 16:34:30,19.71875,10.125,-4.28125
2025-03-20 16:34:30,25.09375,8.046875,-5.3046875
2025-03-20 16:34:30,25.65625,4.48828125,-5.078125
2025-03-20 16:34:30,23.734375,4.24609375,-5.5390625
2025-03-20 16:34:30,22.734375,5.51171875,-3.498046875
2025-03-20 16:34:30,25.0625,1.9453125,-3.59375
2025-03-20 16:34:30,31.203125,1.88671875,-3.302734375
2025-03-20 16:34:30,34.875,1.83984375,-2.65234375
2025-03-20 16:34:30,33.375,1.015625,-4.42578125
2025-03-20 16:34:30,38.8125,0.98046875,-4.30859375
2025-03-20 16:34:31,47.0625,4.51171875,-1.0625
2025-03-20 16:34:31,41.4375,9.890625,-1.9833984375
2025-03-20 16:34:41,15.875,-1.1640625,-13.875
2025-03-20 16:34:41,28.859375,-2.263671875,-3.94140625
2025-03-20 16:34:41,-17.65625,-4.9453125,-0.181640625
2025-03-20 16:34:42,-16.4375,-4.7421875,0.29296875
2025-03-20 16:34:42,-18.5,-5.2578125,0.666015625
2025-03-20 16:34:42,-19.625,-6.15234375,0.443359375
2025-03-20 16:34:42,-18.609375,-6.49609375,-0.080078125
2025-03-20 16:34:42,-18.71875,-6.96875,0.322265625
2025-03-20 16:34:42,-20.8125,-5.515625,0.515625
2025-03-20 16:34:42,-16.84375,-6.18359375,0.2578125
2025-03-20 16:34:42,-15.8984375,-5.86328125,0.87109375
2025-03-20 16:34:42,-17.984375,-2.14453125,-0.095703125
2025-03-20 16:34:42,-18.671875,0.875,0.8671875
2025-03-20 16:34:43,-26.359375,-0.09375,2.52734375
2025-03-20 16:34:43,-21.375,-0.7265625,1.0546875
2025-03-20 16:34:43,-24.90625,0.94140625,2.62890625
2025-03-20 16:34:43,-22.703125,1.61328125,2.05859375
2025-03-20 16:34:43,-23.890625,3.70703125,2.43359375
2025-03-20 16:34:43,-22.328125,6.38671875,2.36328125
2025-03-20 16:34:43,-21.609375,8.9375,3.7421875
2025-03-20 16:34:44,-18.4375,10.90625,3.921875
2025-03-20 16:34:44,-19.6875,12.625,4.2109375
2025-03-20 16:34:44,-19.03125,9.171875,3.30078125
2025-03-20 16:34:44,-19.0,3.47265625,1.8203125
2025-03-20 16:34:44,-21.546875,0.65625,0.0703125
2025-03-20 16:34:45,-20.78125,0.484375,-0.361328125
2025-03-20 16:34:45,-16.171875,1.23046875,-0.5546875
2025-03-20 16:34:45,-15.3359375,1.5078125,-0.37890625
2025-03-20 16:34:45,-16.28125,1.16015625,-1.328125
2025-03-20 16:34:45,-20.65625,3.37109375,-0.404296875
2025-03-20 16:34:45,-19.265625,2.2890625,-0.640625
2025-03-20 16:34:45,-20.25,2.1796875,-0.6640625
2025-03-20 16:34:45,-22.359375,1.6015625,0.056640625
2025-03-20 16:34:46,-22.984375,1.2421875,0.2265625
2025-03-20 16:34:46,-16.4375,2.484375,1.8671875
2025-03-20 16:34:46,-30.5,0.79296875,0.75390625
2025-03-20 16:34:46,-30.40625,-0.57421875,-0.220703125
2025-03-20 16:34:46,-31.609375,-0.31640625,1.40625
2025-03-20 16:34:47,-32.65625,-0.69921875,-0.76171875
2025-03-20 16:34:47,-31.015625,-1.67578125,-0.4609375
2025-03-20 16:34:47,-32.28125,0.40234375,-1.3115234375
2025-03-20 16:34:47,-33.3125,0.85546875,0.03125
2025-03-20 16:34:47,-30.875,-0.1640625,-0.7265625
2025-03-20 16:34:47,-31.984375,0.5546875,0.076171875
2025-03-20 16:34:47,-33.875,1.09765625,-0.095703125
2025-03-20 16:34:47,-31.40625,0.07421875,-0.26953125
2025-03-20 16:34:47,-35.9375,0.5859375,-2.314453125
2025-03-20 16:34:47,-34.375,0.0625,-2.845703125
2025-03-20 16:34:48,-32.5625,1.1015625,-1.990234375
2025-03-20 16:34:48,-36.8125,0.53515625,-2.51171875
2025-03-20 16:34:48,-38.125,0.3984375,-2.640625
2025-03-20 16:34:48,-34.125,1.140625,-4.16796875
2025-03-20 16:34:48,-36.75,1.171875,-3.689453125
2025-03-20 16:34:48,-35.71875,2.31640625,-4.1015625
2025-03-20 16:34:48,-33.875,1.76953125,-4.640625
2025-03-20 16:34:48,-36.28125,2.85546875,-4.03125
2025-03-20 16:34:48,-37.0625,2.73046875,-3.107421875
2025-03-20 16:34:49,-32.34375,2.57421875,-4.53125
2025-03-20 16:34:49,-35.0,1.0703125,-3.587890625
2025-03-20 16:34:49,-36.5,0.94140625,-3.265625
2025-03-20 16:34:49,-34.0625,0.7578125,-3.369140625
2025-03-20 16:34:49,-37.5625,1.25390625,-3.685546875
2025-03-20 16:34:49,-34.90625,1.0078125,-2.75390625
2025-03-20 16:34:49,-27.109375,0.20703125,-0.576171875
2025-03-20 16:34:49,-24.671875,0.06640625,-1.3095703125
2025-03-20 16:34:49,-24.703125,-0.671875,-4.6875
2025-03-20 16:34:49,-18.421875,3.10546875,-4.11328125
2025-03-20 16:34:50,-19.859375,1.14453125,-13.65625
2025-03-20 16:34:50,-9.390625,3.33203125,-16.25
2025-03-20 16:34:50,44.875,-3.45703125,3.08984375
2025-03-20 16:34:50,42.75,-1.51171875,3.8984375
2025-03-20 16:34:51,41.1875,-3.42578125,-0.837890625
2025-03-20 16:34:51,36.875,-4.2578125,2.4609375
2025-03-20 16:34:51,36.1875,-2.92578125,-1.7099609375
2025-03-20 16:34:51,38.3125,-1.791015625,1.91796875
2025-03-20 16:34:51,-32.34375,1.92578125,-7.91796875
2025-03-20 16:34:51,-31.859375,-2.44140625,-4.8515625
2025-03-20 16:34:51,-16.71875,5.88671875,-6.671875
2025-03-20 16:34:52,-31.4375,7.48828125,-3.455078125
2025-03-20 16:34:52,-23.65625,5.30859375,-1.732421875
2025-03-20 16:34:53,43.9375,-5.89453125,0.9453125
2025-03-20 16:34:54,-16.4375,7.43359375,-2.1328125
2025-03-20 16:34:54,-25.984375,3.97265625,1.33984375
2025-03-20 16:34:55,-20.75,5.28515625,3.98828125
2025-03-20 16:34:55,-21.421875,7.15234375,-0.103515625
2025-03-20 16:34:55,-21.46875,2.82421875,0.87890625
2025-03-20 16:34:55,-17.46875,10.109375,3.21484375
2025-03-20 16:34:55,-20.625,12.09375,6.07421875
2025-03-20 16:34:55,-11.859375,18.125,7.41796875
2025-03-20 16:34:55,-15.703125,24.171875,10.765625
2025-03-20 16:34:55,-14.234375,16.5,7.32421875
2025-03-20 16:34:55,-18.71875,21.046875,7.51171875
2025-03-20 16:34:56,-15.6953125,15.5,9.28125
2025-03-20 16:34:56,-14.6640625,15.90625,8.109375
2025-03-20 16:34:56,-18.84375,18.4375,7.39453125
2025-03-20 16:34:56,-21.609375,18.046875,8.453125
2025-03-20 16:34:56,-17.3125,16.15625,5.81640625
2025-03-20 16:34:56,-19.75,10.921875,11.125
2025-03-20 16:34:56,-28.5625,12.90625,9.921875
2025-03-20 16:34:56,-25.5625,9.640625,9.65625
2025-03-20 16:34:56,-20.5625,8.34375,4.6015625
2025-03-20 16:34:57,-27.484375,9.0625,7.48046875
2025-03-20 16:34:57,-19.65625,3.11328125,3.4765625
2025-03-20 16:34:57,-23.75,2.5390625,1.66015625
2025-03-20 16:34:57,-22.90625,2.6171875,3.90625
2025-03-20 16:34:57,-22.796875,2.95703125,3.58203125
2025-03-20 16:34:58,-26.5,4.58984375,2.3515625
2025-03-20 16:34:58,-25.25,3.98046875,3.140625
2025-03-20 16:34:58,-28.234375,3.22265625,0.744140625
2025-03-20 16:34:58,-24.671875,4.16796875,0.59375
2025-03-20 16:34:58,-25.84375,3.33203125,0.681640625
2025-03-20 16:34:58,-26.546875,4.42578125,0.1484375
2025-03-20 16:34:58,-29.265625,2.58984375,-1.0546875
2025-03-20 16:34:58,-31.453125,1.73046875,-0.474609375
2025-03-20 16:34:58,-29.703125,3.35546875,-1.265625
2025-03-20 16:34:59,-30.4375,3.94921875,-0.923828125
2025-03-20 16:34:59,-32.8125,4.08203125,-0.9921875
2025-03-20 16:34:59,-32.875,2.91796875,-1.5625
2025-03-20 16:34:59,-31.546875,2.94921875,-1.8193359375
2025-03-20 16:34:59,-32.75,2.76171875,-1.8076171875
2025-03-20 16:34:59,-30.625,3.18359375,-1.998046875
2025-03-20 16:34:59,-31.546875,2.21875,-2.01171875
2025-03-20 16:34:59,-32.0625,2.47265625,-2.009765625
2025-03-20 16:34:59,-31.75,1.890625,-2.0
2025-03-20 16:34:59,-30.765625,2.03125,-2.271484375
2025-03-20 16:35:00,-29.34375,2.24609375,-2.08203125
2025-03-20 16:35:00,-31.8125,2.42578125,-1.94921875
2025-03-20 16:35:00,-30.0625,2.92578125,-2.162109375
2025-03-20 16:35:00,-31.75,1.97265625,-2.263671875
2025-03-20 16:35:00,-28.703125,4.03515625,-2.16015625
2025-03-20 16:35:00,-36.0,2.25390625,-1.6474609375
2025-03-20 16:35:00,-36.0625,3.05859375,-1.3134765625
2025-03-20 16:35:00,-32.0,3.66796875,-1.47265625
2025-03-20 16:35:00,-33.75,1.26171875,-1.7705078125
2025-03-20 16:35:01,-33.1875,1.7578125,-1.7041015625
2025-03-20 16:35:01,-33.1875,2.5234375,-1.025390625
2025-03-20 16:35:01,-33.625,4.12890625,-0.796875
2025-03-20 16:35:01,-28.796875,0.41015625,-1.3095703125
2025-03-20 16:35:01,-30.296875,0.5703125,-1.130859375
2025-03-20 16:35:01,-33.71875,1.4921875,-1.505859375
2025-03-20 16:35:01,-31.90625,2.0234375,-1.427734375
2025-03-20 16:35:01,-33.125,2.3515625,-1.4697265625
2025-03-20 16:35:01,-32.0625,1.55859375,-1.55859375
2025-03-20 16:35:01,-33.875,1.76953125,-1.677734375
2025-03-20 16:35:02,-32.375,1.9296875,-1.8759765625
2025-03-20 16:35:02,-34.1875,0.90234375,-1.884765625
2025-03-20 16:35:02,-32.6875,1.37109375,-2.12890625
2025-03-20 16:35:02,-33.3125,1.0234375,-2.2890625
2025-03-20 16:35:02,-35.96875,1.81640625,-2.44140625
2025-03-20 16:35:02,-29.765625,1.8359375,-1.94140625
2025-03-20 16:35:02,-27.9375,1.08984375,-1.89453125
2025-03-20 16:35:02,-23.4375,1.30078125,-1.42578125
2025-03-20 16:35:02,-25.828125,2.83984375,-1.09375
2025-03-20 16:35:03,-25.109375,5.05078125,-0.341796875
2025-03-20 16:35:03,-25.53125,6.87890625,0.767578125
2025-03-20 16:35:03,-21.578125,8.4375,2.43359375
2025-03-20 16:35:03,-25.40625,8.140625,2.16015625
2025-03-20 16:35:03,-26.71875,7.83203125,2.1484375
2025-03-20 16:35:03,-25.34375,8.484375,0.94140625
2025-03-20 16:35:03,-28.640625,7.00390625,1.0390625
2025-03-20 16:35:03,-28.765625,5.21484375,0.5234375
2025-03-20 16:35:03,-29.359375,6.33203125,0.9375
2025-03-20 16:35:03,-29.71875,3.46484375,-1.046875
2025-03-20 16:35:04,-28.484375,6.38671875,-0.791015625
2025-03-20 16:35:04,-30.734375,6.21484375,-0.7578125
2025-03-20 16:35:04,-29.28125,6.76171875,-0.353515625
2025-03-20 16:35:04,-28.1875,8.609375,-0.158203125
2025-03-20 16:35:04,-29.9375,8.484375,-0.314453125
2025-03-20 16:35:04,-31.671875,4.35546875,-0.736328125
2025-03-20 16:35:04,-28.53125,5.27734375,0.083984375
2025-03-20 16:35:04,-28.609375,2.51953125,-0.791015625
2025-03-20 16:35:04,-28.984375,2.48828125,-1.068359375
2025-03-20 16:35:05,-26.921875,2.64453125,-0.986328125
2025-03-20 16:35:05,-26.1875,7.59765625,-0.208984375
2025-03-20 16:35:05,-29.1875,3.00390625,-0.279296875
2025-03-20 16:35:05,-31.578125,3.01171875,0.56640625
2025-03-20 16:35:05,-31.0625,3.54296875,1.32421875
2025-03-20 16:35:05,-29.78125,3.88671875,0.71875
2025-03-20 16:35:05,-28.546875,5.33984375,1.26171875
2025-03-20 16:35:05,-26.359375,6.42578125,1.1953125
2025-03-20 16:35:05,-24.828125,9.5625,2.07421875
2025-03-20 16:35:05,-24.484375,10.71875,1.84375
2025-03-20 16:35:06,-23.734375,5.49609375,1.48828125
2025-03-20 16:35:06,-25.484375,6.71484375,1.2890625
2025-03-20 16:35:06,-21.8125,6.48828125,0.96484375
2025-03-20 16:35:06,-23.15625,7.37890625,0.62109375
2025-03-20 16:35:06,-23.4375,12.875,1.453125
2025-03-20 16:35:06,-22.953125,11.140625,1.078125
2025-03-20 16:35:06,-24.140625,10.53125,1.2265625
2025-03-20 16:35:06,-24.03125,11.390625,1.40625
2025-03-20 16:35:06,-25.046875,13.96875,1.18359375
2025-03-20 16:35:07,-23.46875,11.6875,0.384765625
2025-03-20 16:35:07,-24.671875,12.75,0.9921875
2025-03-20 16:35:07,-21.09375,11.046875,0.482421875
2025-03-20 16:35:07,-23.453125,10.484375,0.640625
2025-03-20 16:35:07,-23.21875,11.703125,0.72265625
2025-03-20 16:35:07,-23.125,10.90625,0.9296875
2025-03-20 16:35:07,-23.53125,11.046875,0.68359375
2025-03-20 16:35:07,-23.4375,12.265625,0.8515625
2025-03-20 16:35:07,-23.65625,10.3125,0.62890625
2025-03-20 16:35:07,-23.03125,11.078125,0.9453125
2025-03-20 16:35:08,-24.65625,7.55078125,0.181640625
2025-03-20 16:35:08,-27.390625,6.59765625,-0.064453125
2025-03-20 16:35:08,-27.21875,5.91796875,-0.630859375
2025-03-20 16:35:08,-25.890625,6.91015625,-1.388671875
2025-03-20 16:35:08,-25.125,6.06640625,-0.666015625
2025-03-20 16:35:08,-25.859375,3.91015625,0.013671875
2025-03-20 16:35:08,-23.265625,6.17578125,-0.265625
2025-03-20 16:35:08,-20.15625,5.66796875,-0.07421875
2025-03-20 16:35:08,-23.609375,6.47265625,-0.04296875
2025-03-20 16:35:09,-18.6875,4.42578125,-1.8603515625
2025-03-20 16:35:09,-16.09375,8.375,-0.970703125
2025-03-20 16:35:11,-15.859375,8.171875,0.142578125
2025-03-20 16:35:12,-17.78125,6.85546875,-0.775390625
2025-03-20 16:35:12,-15.984375,7.17578125,-1.2431640625
2025-03-20 16:35:12,-15.890625,9.359375,-0.638671875
2025-03-20 16:35:12,-15.796875,9.203125,-0.822265625
2025-03-20 16:35:13,-15.5078125,9.65625,-1.51953125
2025-03-20 16:35:13,-17.625,9.515625,-1.5908203125
2025-03-20 16:35:13,-18.34375,11.1875,-2.076171875
2025-03-20 16:35:13,-16.46875,11.890625,-1.310546875
2025-03-20 16:35:13,-24.140625,7.18359375,-1.666015625
2025-03-20 16:35:14,-23.65625,10.84375,-0.65234375
2025-03-20 16:35:14,-22.53125,8.65625,0.09375
2025-03-20 16:35:14,-24.5625,7.02734375,0.19140625
2025-03-20 16:35:14,-24.546875,7.09765625,0.599609375
2025-03-20 16:35:14,-24.828125,8.6875,1.359375
2025-03-20 16:35:14,-27.25,6.09765625,1.6484375
2025-03-20 16:35:14,-29.6875,4.83984375,1.0
2025-03-20 16:35:14,-25.734375,4.69921875,1.08203125
2025-03-20 16:35:14,-25.875,5.14453125,1.61328125
2025-03-20 16:35:15,-32.3125,3.33203125,1.33203125
2025-03-20 16:35:15,-31.875,5.19140625,2.9140625
2025-03-20 16:35:15,-26.453125,4.03515625,0.859375
2025-03-20 16:35:15,-30.140625,5.41796875,2.6328125
2025-03-20 16:35:15,-29.921875,5.24609375,2.9140625
2025-03-20 16:35:15,-29.6875,5.08984375,2.8515625
2025-03-20 16:35:15,-30.15625,5.34765625,3.2421875
2025-03-20 16:35:15,-28.640625,4.23046875,4.65234375
2025-03-20 16:35:15,-25.109375,11.125,5.55078125
2025-03-20 16:35:16,-25.65625,12.265625,6.66796875
2025-03-20 16:35:16,-23.078125,12.890625,6.57421875
2025-03-20 16:35:16,-17.0625,5.24609375,3.984375
2025-03-20 16:35:16,-15.8671875,9.375,3.234375
2025-03-20 16:35:16,-17.265625,4.96484375,1.20703125
2025-03-20 16:35:17,16.15625,-8.765625,-8.546875
2025-03-20 16:35:17,15.828125,-5.23828125,-9.421875
2025-03-20 16:35:18,-4.625,-17.734375,-6.6015625
2025-03-20 16:35:18,3.0546875,-16.734375,-0.33984375
2025-03-20 16:35:19,19.609375,12.140625,-2.76953125
2025-03-20 16:35:20,26.859375,17.390625,-1.92578125
2025-03-20 16:35:20,29.765625,17.9375,-2.259765625
2025-03-20 16:35:20,33.0,17.96875,-3.484375
2025-03-20 16:35:20,33.8125,16.4375,-4.49609375
2025-03-20 16:35:20,42.0,15.578125,-5.53125
2025-03-20 16:35:20,36.25,13.59375,-3.060546875
2025-03-20 16:35:20,36.25,16.71875,-5.7890625
2025-03-20 16:35:20,31.328125,20.0,-0.37890625
2025-03-20 16:35:20,29.078125,19.140625,-4.61328125
2025-03-20 16:35:21,23.265625,18.5625,-2.94140625
2025-03-20 16:35:21,24.03125,16.25,-2.443359375
2025-03-20 16:35:21,28.109375,12.828125,-6.31640625
2025-03-20 16:35:21,24.75,13.296875,-4.12109375
2025-03-20 16:35:21,18.515625,1.55078125,-4.78125
2025-03-20 16:35:22,0.984375,18.25,-0.236328125
2025-03-20 16:35:23,-21.1875,-18.0,-0.115234375
2025-03-20 16:35:23,-9.34375,-19.640625,5.53515625
2025-03-20 16:35:23,-5.453125,-26.640625,9.4375
2025-03-20 16:35:23,-11.8359375,-20.546875,1.234375
2025-03-20 16:35:23,-9.765625,-21.703125,2.203125
2025-03-20 16:35:23,-15.6484375,-16.953125,-0.203125
2025-03-20 16:35:24,28.578125,-7.1953125,-8.578125
2025-03-20 16:35:24,-26.359375,-30.5625,-16.921875
2025-03-20 16:35:24,-17.8125,-15.671875,8.1875
2025-03-20 16:35:24,-19.0,-2.984375,8.609375
2025-03-20 16:35:24,-19.78125,-8.0625,10.578125
2025-03-20 16:35:25,-22.4375,-5.203125,11.046875
2025-03-20 16:35:25,-21.0,1.1796875,8.703125
2025-03-20 16:35:25,-28.53125,-5.07421875,10.375
2025-03-20 16:35:25,-31.96875,-5.48828125,10.859375
2025-03-20 16:35:25,-38.25,-0.578125,12.71875
2025-03-20 16:35:25,-24.765625,-0.85546875,13.296875
2025-03-20 16:35:25,-24.453125,5.02734375,14.953125
2025-03-20 16:35:25,-23.171875,1.375,9.671875
2025-03-20 16:35:26,-19.9375,3.24609375,5.37890625
2025-03-20 16:35:26,45.6875,6.65234375,7.41796875
2025-03-20 16:35:27,36.875,5.73828125,5.48828125
2025-03-20 16:35:36,19.765625,-11.734375,-10.3125
2025-03-20 16:35:36,60.6875,-5.640625,4.71484375
2025-03-20 16:35:36,33.8125,1.0078125,-16.03125
2025-03-20 16:35:36,-15.609375,8.796875,1.4453125
2025-03-20 16:35:36,-24.4375,3.29296875,5.87109375
2025-03-20 16:35:37,-26.390625,-0.5390625,0.93359375
2025-03-20 16:35:37,-19.84375,3.04296875,-15.25
2025-03-20 16:35:37,-15.7421875,4.98046875,4.37890625
2025-03-20 16:35:37,-18.75,1.453125,-15.109375
2025-03-20 16:35:37,-26.453125,5.11328125,-1.7236328125
2025-03-20 16:35:37,-19.296875,6.61328125,-6.859375
2025-03-20 16:35:38,-24.421875,8.25,-4.2578125
2025-03-20 16:35:38,-34.5625,12.296875,-0.3359375
2025-03-20 16:35:38,-31.03125,12.4375,1.0
2025-03-20 16:35:38,-16.578125,10.515625,-3.515625
2025-03-20 16:35:38,-27.15625,11.59375,-1.119140625
2025-03-20 16:35:38,-29.25,12.421875,5.74609375
2025-03-20 16:35:38,-32.375,10.9375,4.6171875
2025-03-20 16:35:38,-30.203125,6.55078125,3.16796875
2025-03-20 16:35:38,-34.96875,7.60546875,3.20703125
2025-03-20 16:35:39,-17.46875,3.96484375,-11.90625
2025-03-20 16:35:40,-22.15625,2.47265625,-9.375
2025-03-20 16:35:40,-29.828125,-4.9609375,-3.654296875
2025-03-20 16:35:40,-20.609375,7.47265625,-7.5625
2025-03-20 16:35:40,-22.546875,4.48828125,-8.171875
2025-03-20 16:35:40,-34.75,7.34765625,-1.36328125
2025-03-20 16:35:40,-35.5,5.23828125,3.6640625
2025-03-20 16:35:40,-32.3125,9.4375,3.078125
2025-03-20 16:35:40,-31.109375,8.3125,3.03125
2025-03-20 16:35:40,-33.0625,6.22265625,1.17578125
2025-03-20 16:35:41,-32.625,6.19921875,1.7109375
2025-03-20 16:35:41,-35.09375,5.18359375,1.20703125
2025-03-20 16:35:41,-37.6875,5.20703125,0.47265625
2025-03-20 16:35:41,-39.375,3.76171875,0.875
2025-03-20 16:35:41,-34.09375,2.0078125,2.04296875
2025-03-20 16:35:41,-28.984375,0.734375,0.341796875
2025-03-20 16:35:41,-32.5625,0.640625,-1.2041015625
2025-03-20 16:35:41,-32.25,0.63671875,-1.072265625
2025-03-20 16:35:41,-32.0625,0.4140625,-1.5283203125
2025-03-20 16:35:41,-29.765625,0.42578125,-1.7529296875
2025-03-20 16:35:42,-37.6875,0.078125,-1.671875
2025-03-20 16:35:42,-33.1875,1.0234375,-1.93359375
2025-03-20 16:35:42,-33.125,1.43359375,-1.115234375
2025-03-20 16:35:42,-33.875,1.12890625,-1.013671875
2025-03-20 16:35:42,-36.25,2.53515625,-0.826171875
2025-03-20 16:35:42,-36.0,2.83984375,-1.375
2025-03-20 16:35:42,-36.125,2.51953125,-1.3427734375
2025-03-20 16:35:42,-36.84375,2.77734375,-1.162109375
2025-03-20 16:35:42,-35.375,5.11328125,0.341796875
2025-03-20 16:35:43,-32.375,5.19921875,0.02734375
2025-03-20 16:35:43,-31.96875,6.17578125,-0.158203125
2025-03-20 16:35:43,-33.28125,6.65234375,-0.2578125
2025-03-20 16:35:43,-28.0625,7.37109375,0.03125
2025-03-20 16:35:43,-31.265625,7.94921875,0.02734375
2025-03-20 16:35:43,-35.71875,5.06640625,0.6328125
2025-03-20 16:35:43,-34.875,4.35546875,-0.533203125
2025-03-20 16:35:43,-30.921875,4.76171875,0.076171875
2025-03-20 16:35:43,-31.5625,4.44140625,-0.83203125
2025-03-20 16:35:43,-35.3125,4.01171875,-0.052734375
2025-03-20 16:35:44,-35.90625,4.44140625,0.162109375
2025-03-20 16:35:44,-35.0,3.19140625,-0.298828125
2025-03-20 16:35:44,-34.3125,3.52734375,-0.20703125
2025-03-20 16:35:44,-35.5625,2.88671875,-0.349609375
2025-03-20 16:35:44,-35.75,3.24609375,-0.619140625
2025-03-20 16:35:44,-35.0,2.66796875,-0.544921875
2025-03-20 16:35:44,-35.21875,3.94140625,-0.322265625
2025-03-20 16:35:44,-36.25,4.01171875,-0.23828125
2025-03-20 16:35:44,-35.5,3.30078125,-0.212890625
2025-03-20 16:35:45,-35.5,5.29296875,0.03515625
2025-03-20 16:35:45,-35.375,3.01953125,-0.689453125
2025-03-20 16:35:45,-34.5,4.66796875,-0.259765625
2025-03-20 16:35:45,-34.0,4.54296875,-0.095703125
2025-03-20 16:35:45,-33.125,5.55078125,-0.259765625
2025-03-20 16:35:45,-34.1875,3.92578125,-0.314453125
2025-03-20 16:35:45,-35.375,4.65234375,-0.490234375
2025-03-20 16:35:45,-33.375,3.23046875,-0.765625
2025-03-20 16:35:45,-37.8125,5.15234375,-0.59765625
2025-03-20 16:35:46,-36.125,4.15234375,-0.51953125
2025-03-20 16:35:46,-29.8125,6.64453125,-0.529296875
2025-03-20 16:35:46,-35.40625,4.59765625,-0.2265625
2025-03-20 16:35:46,-36.0,5.94921875,0.04296875
2025-03-20 16:35:46,-34.6875,4.83203125,-0.0859375
2025-03-20 16:35:46,-34.6875,3.37890625,-0.802734375
2025-03-20 16:35:46,-34.4375,3.90234375,-0.3828125
2025-03-20 16:35:46,-34.3125,3.42578125,-0.306640625
2025-03-20 16:35:46,-33.96875,3.41796875,-0.5234375
2025-03-20 16:35:46,-34.625,2.60546875,-0.916015625
2025-03-20 16:35:47,-33.6875,3.55078125,-1.09765625
2025-03-20 16:35:47,-32.78125,5.38671875,-1.26953125
2025-03-20 16:35:47,-25.171875,4.63671875,-0.986328125
2025-03-20 16:35:47,-28.0625,4.80078125,-1.3994140625
2025-03-20 16:35:47,-29.125,3.98046875,-1.2080078125
2025-03-20 16:35:47,-27.40625,2.98046875,-1.2197265625
2025-03-20 16:35:47,-27.96875,2.5078125,-1.751953125
2025-03-20 16:35:47,-23.984375,5.59765625,-1.333984375
2025-03-20 16:35:47,-25.59375,3.77734375,-1.1875
2025-03-20 16:35:48,-23.53125,4.38671875,-0.73046875
2025-03-20 16:35:48,-19.4375,5.28515625,-0.380859375
2025-03-20 16:35:48,-16.28125,5.57421875,-1.6572265625
2025-03-20 16:35:51,-18.53125,7.66796875,-0.595703125
2025-03-20 16:35:52,-19.390625,6.02734375,-1.3623046875
2025-03-20 16:35:53,-17.0,4.64453125,-1.173828125
2025-03-20 16:35:53,-16.5,4.47265625,-1.095703125
2025-03-20 16:35:53,-19.4375,5.15234375,-0.685546875
2025-03-20 16:35:53,-22.578125,4.90234375,-0.498046875
2025-03-20 16:35:53,-26.03125,3.41015625,-0.736328125
2025-03-20 16:35:53,-28.75,3.31640625,0.169921875
2025-03-20 16:35:53,-32.1875,2.85546875,0.697265625
2025-03-20 16:35:53,-31.125,1.828125,0.5234375
2025-03-20 16:35:53,-33.8125,1.7578125,0.56640625
2025-03-20 16:35:54,-32.25,2.08203125,1.2265625
2025-03-20 16:35:54,-32.5625,1.83203125,0.99609375
2025-03-20 16:35:54,-32.4375,1.65625,1.125
2025-03-20 16:35:54,-31.375,1.8046875,0.97265625
2025-03-20 16:35:54,-31.625,1.55078125,1.1328125
2025-03-20 16:35:54,-32.9375,1.34375,0.662109375
2025-03-20 16:35:54,-32.0625,1.0078125,1.171875
2025-03-20 16:35:54,-32.125,1.3984375,0.556640625
2025-03-20 16:35:54,-31.9375,1.703125,-0.017578125
2025-03-20 16:35:55,-33.4375,1.71484375,0.154296875
2025-03-20 16:35:55,-33.0,1.69140625,0.775390625
2025-03-20 16:35:55,-32.625,2.17578125,1.46484375
2025-03-20 16:35:55,-31.640625,2.03515625,0.94921875
2025-03-20 16:35:55,-31.671875,2.12890625,1.40234375
2025-03-20 16:35:55,-30.15625,2.203125,1.234375
2025-03-20 16:35:55,-31.265625,2.109375,1.046875
2025-03-20 16:35:55,-32.4375,2.59375,1.25390625
2025-03-20 16:35:55,-31.6875,2.51171875,1.24609375
2025-03-20 16:35:55,-32.75,2.76171875,0.88671875
2025-03-20 16:35:56,-34.3125,2.84765625,1.046875
2025-03-20 16:35:56,-35.125,3.60546875,1.1484375
2025-03-20 16:35:56,-33.0,5.25390625,2.5390625
2025-03-20 16:35:56,-35.9375,3.00390625,0.3671875
2025-03-20 16:35:56,-30.15625,2.5546875,1.04296875
2025-03-20 16:35:56,-29.0,2.46875,1.375
2025-03-20 16:35:56,-34.9375,3.12890625,0.7109375
2025-03-20 16:35:56,-35.03125,2.88671875,0.29296875
2025-03-20 16:35:56,-34.8125,3.73046875,1.62890625
2025-03-20 16:35:57,-34.8125,2.98046875,0.716796875
2025-03-20 16:35:57,-33.375,3.26171875,0.6171875
2025-03-20 16:35:57,-32.09375,2.546875,0.7109375
2025-03-20 16:35:57,-32.4375,2.45703125,0.77734375
2025-03-20 16:35:57,-30.46875,3.08203125,0.748046875
2025-03-20 16:35:57,-33.5625,2.0546875,0.220703125
2025-03-20 16:35:57,-32.625,2.14453125,0.6171875
2025-03-20 16:35:57,-29.875,1.9140625,0.736328125
2025-03-20 16:35:57,-31.390625,1.84375,0.8125
2025-03-20 16:35:57,-32.65625,1.44921875,0.408203125
2025-03-20 16:35:58,-33.5,1.375,0.13671875
2025-03-20 16:35:58,-31.296875,1.39453125,0.15234375
2025-03-20 16:35:58,-32.375,2.07421875,0.60546875
2025-03-20 16:35:58,-31.734375,2.39453125,0.31640625
2025-03-20 16:35:58,-30.75,2.2734375,0.51953125
2025-03-20 16:35:58,-31.265625,2.14453125,0.63671875
2025-03-20 16:35:58,-32.125,2.35546875,0.51171875
2025-03-20 16:35:58,-32.6875,1.90625,0.251953125
2025-03-20 16:35:58,-33.5,1.484375,0.576171875
2025-03-20 16:35:59,-35.6875,4.59765625,0.580078125
2025-03-20 16:35:59,-32.4375,1.5546875,0.173828125
2025-03-20 16:35:59,-30.296875,2.16015625,0.728515625
2025-03-20 16:35:59,-33.8125,2.09765625,0.802734375
2025-03-20 16:35:59,-30.25,2.80859375,0.98046875
2025-03-20 16:35:59,-28.296875,4.01953125,1.3203125
2025-03-20 16:35:59,-28.703125,3.25390625,1.63671875
2025-03-20 16:35:59,-33.21875,3.69921875,1.453125
2025-03-20 16:35:59,-35.71875,2.140625,-0.134765625
2025-03-20 16:35:59,-31.75,3.32421875,0.283203125
2025-03-20 16:36:00,-33.6875,4.77734375,0.9140625
2025-03-20 16:36:00,-32.84375,2.484375,-0.806640625
2025-03-20 16:36:00,-30.796875,1.23046875,-0.921875
2025-03-20 16:36:00,-25.265625,1.61328125,-2.302734375
2025-03-20 16:36:00,-20.109375,3.83984375,-1.701171875
2025-03-20 16:36:00,-23.28125,2.1328125,-2.4140625
2025-03-20 16:36:00,-23.546875,1.8515625,-2.39453125
2025-03-20 16:36:00,-22.953125,1.9296875,-2.48828125
2025-03-20 16:36:00,-20.5,2.76953125,-2.369140625
2025-03-20 16:36:01,-21.109375,3.34765625,-2.166015625
2025-03-20 16:36:01,-23.0625,2.91015625,-2.171875
2025-03-20 16:36:01,-21.3125,3.96484375,-1.6962890625
2025-03-20 16:36:01,-22.671875,3.64453125,-1.044921875
2025-03-20 16:36:01,-21.15625,4.25390625,-1.3798828125
2025-03-20 16:36:01,-23.640625,4.16796875,-0.18359375
2025-03-20 16:36:01,-21.125,6.30078125,-1.26171875
2025-03-20 16:36:01,-26.625,8.390625,0.318359375
2025-03-20 16:36:01,-23.578125,8.1875,-0.548828125
2025-03-20 16:36:01,-24.09375,8.9375,0.88671875
2025-03-20 16:36:02,-24.203125,9.0625,0.328125
2025-03-20 16:36:02,-24.4375,8.5,0.271484375
2025-03-20 16:36:02,-24.953125,10.015625,0.8828125
2025-03-20 16:36:02,-23.84375,8.828125,0.03125
2025-03-20 16:36:02,-25.03125,8.546875,-0.158203125
2025-03-20 16:36:02,-24.875,9.828125,1.3359375
2025-03-20 16:36:02,-24.078125,10.421875,-0.076171875
2025-03-20 16:36:02,-19.59375,6.81640625,0.33203125
2025-03-20 16:36:02,-22.515625,7.34765625,-0.263671875
2025-03-20 16:36:03,-21.6875,7.12890625,-1.0234375
2025-03-20 16:36:03,-23.296875,5.78515625,-1.056640625
2025-03-20 16:36:03,-23.6875,6.47265625,-1.7607421875
2025-03-20 16:36:03,-22.40625,5.88671875,-1.310546875
2025-03-20 16:36:03,-24.046875,5.55859375,-1.607421875
2025-03-20 16:36:03,-30.078125,3.53515625,-0.638671875
2025-03-20 16:36:03,-24.9375,5.87109375,1.359375
2025-03-20 16:36:03,-18.875,13.0,2.67578125
2025-03-20 16:36:03,-21.0,9.234375,-17.640625
2025-03-20 16:36:04,-18.90625,3.93359375,-9.515625
2025-03-20 16:36:04,-27.234375,5.02734375,-3.123046875
2025-03-20 16:36:05,-22.78125,2.4140625,-9.7109375
2025-03-20 16:36:05,22.0,-0.60546875,-12.484375
2025-03-20 16:36:05,22.0,-7.109375,-7.4375
2025-03-20 16:36:06,36.0625,-4.98046875,-5.0
2025-03-20 16:36:06,40.5625,-0.10546875,-6.34375
2025-03-20 16:36:06,39.625,3.83984375,-8.2890625
2025-03-20 16:36:07,38.0,0.8203125,-6.62109375
2025-03-20 16:36:07,-6.2265625,2.30078125,-18.421875
2025-03-20 16:36:07,-19.125,-0.6640625,-17.234375
2025-03-20 16:36:07,-30.25,6.41015625,-21.234375
2025-03-20 16:36:07,-25.859375,3.89453125,-1.076171875
2025-03-20 16:36:08,-27.53125,4.31640625,-1.1796875
2025-03-20 16:36:08,-28.65625,1.4765625,-1.783203125
2025-03-20 16:36:08,-15.6484375,6.05078125,-3.884765625
2025-03-20 16:36:08,-18.4375,3.14453125,-2.939453125
2025-03-20 16:36:08,-32.75,-0.203125,-2.0546875
2025-03-20 16:36:08,-24.265625,0.609375,-2.576171875
2025-03-20 16:36:08,-26.078125,1.05859375,-2.61328125
2025-03-20 16:36:08,-25.234375,0.9140625,-2.669921875
2025-03-20 16:36:08,-24.25,0.80078125,-2.61328125
2025-03-20 16:36:09,-26.1875,1.140625,-2.453125
2025-03-20 16:36:09,-23.4375,0.953125,-2.44140625
2025-03-20 16:36:09,-29.015625,1.5390625,-1.12890625
2025-03-20 16:36:09,-20.453125,3.28515625,2.99609375
2025-03-20 16:36:09,-24.109375,4.05859375,3.60546875
2025-03-20 16:36:09,-24.46875,2.31640625,3.21875
2025-03-20 16:36:09,-26.125,2.70703125,2.703125
2025-03-20 16:36:09,-23.4375,1.47265625,2.09765625
2025-03-20 16:36:09,-24.46875,1.8125,1.89453125
2025-03-20 16:36:09,-23.53125,1.76171875,1.17578125
2025-03-20 16:36:10,-21.546875,3.51171875,1.99609375
2025-03-20 16:36:10,-22.65625,3.32421875,0.7734375
2025-03-20 16:36:10,-18.28125,5.59765625,3.24609375
2025-03-20 16:36:10,-17.875,5.97265625,3.50390625
2025-03-20 16:36:10,-17.46875,4.66015625,3.23828125
2025-03-20 16:36:10,-27.390625,12.328125,5.02734375
2025-03-20 16:36:10,-27.578125,10.09375,2.921875
2025-03-20 16:36:10,-26.609375,11.453125,7.12109375
2025-03-20 16:36:10,-25.234375,10.859375,5.83984375
2025-03-20 16:36:11,-27.703125,10.5625,6.62890625
2025-03-20 16:36:11,-27.34375,10.59375,6.29296875
2025-03-20 16:36:11,-25.625,9.078125,5.78515625
2025-03-20 16:36:11,-28.171875,8.25,3.25
2025-03-20 16:36:11,-26.71875,6.95703125,3.6328125
2025-03-20 16:36:11,-25.859375,1.22265625,0.74609375
2025-03-20 16:36:11,-27.25,6.73828125,5.38671875
2025-03-20 16:36:11,-20.75,3.30859375,2.1015625
2025-03-20 16:36:11,-24.78125,4.08203125,2.86328125
2025-03-20 16:36:12,-26.671875,8.5,2.9375
2025-03-20 16:36:12,-28.28125,6.75390625,1.0859375
2025-03-20 16:36:12,-29.25,5.19921875,1.40625
2025-03-20 16:36:12,-29.109375,2.17578125,1.08203125
2025-03-20 16:36:12,-30.671875,4.26171875,2.68359375
2025-03-20 16:36:12,-30.765625,5.28515625,2.29296875
2025-03-20 16:36:12,-29.0,5.67578125,2.69921875
2025-03-20 16:36:12,-38.3125,11.953125,3.2421875
2025-03-20 16:36:12,-19.921875,10.046875,-1.4208984375
2025-03-20 16:36:13,-23.03125,5.72265625,-2.6484375
2025-03-20 16:36:13,-16.609375,0.875,-8.9375
2025-03-20 16:36:13,-17.9375,7.40234375,3.29296875
2025-03-20 16:36:13,-23.09375,1.99609375,0.537109375
2025-03-20 16:36:13,-19.59375,1.94140625,0.423828125
2025-03-20 16:36:13,-27.671875,4.44921875,4.33984375
2025-03-20 16:36:14,-26.96875,1.7578125,2.32421875
2025-03-20 16:36:14,-26.421875,1.35546875,2.5546875
2025-03-20 16:36:14,-29.9375,3.76953125,3.16796875
2025-03-20 16:36:14,-28.234375,2.55078125,2.8359375
2025-03-20 16:36:14,-30.5,5.53515625,3.76953125
2025-03-20 16:36:14,-28.15625,5.14453125,3.73828125
2025-03-20 16:36:14,-27.4375,3.48046875,2.7578125
2025-03-20 16:36:14,-30.875,3.66796875,2.875
2025-03-20 16:36:14,-30.546875,4.38671875,3.2109375
2025-03-20 16:36:15,-30.53125,4.65234375,2.89453125
2025-03-20 16:36:15,-28.453125,6.51171875,4.54296875
2025-03-20 16:36:15,-30.8125,5.07421875,3.13671875
2025-03-20 16:36:15,-29.90625,4.82421875,2.640625
2025-03-20 16:36:15,-29.21875,6.87109375,4.15234375
2025-03-20 16:36:15,-29.046875,5.01171875,3.83203125
2025-03-20 16:36:15,-29.953125,5.57421875,3.80078125
2025-03-20 16:36:15,-28.875,6.33203125,3.6171875
2025-03-20 16:36:15,-29.71875,5.05859375,4.08203125
2025-03-20 16:36:16,-27.734375,5.83984375,3.703125
2025-03-20 16:36:16,-29.203125,5.37109375,4.1171875
2025-03-20 16:36:16,-29.921875,4.69140625,3.25390625
2025-03-20 16:36:16,-28.890625,4.39453125,3.3046875
2025-03-20 16:36:16,-28.96875,4.42578125,3.10546875
2025-03-20 16:36:16,-27.609375,5.11328125,2.71875
2025-03-20 16:36:16,-30.015625,4.05078125,2.5859375
2025-03-20 16:36:16,-27.59375,4.41015625,2.52734375
2025-03-20 16:36:16,-27.609375,5.19921875,2.74609375
2025-03-20 16:36:16,-25.265625,7.16796875,3.78125
2025-03-20 16:36:17,-23.421875,5.52734375,3.23828125
2025-03-20 16:36:17,-22.578125,5.37109375,2.77734375
2025-03-20 16:36:17,-23.96875,5.46484375,2.76171875
2025-03-20 16:36:17,-20.96875,8.28125,3.41796875
2025-03-20 16:36:17,-20.875,7.98046875,3.56640625
2025-03-20 16:36:17,-19.59375,8.140625,2.984375
2025-03-20 16:36:17,-20.296875,8.1875,3.0390625
2025-03-20 16:36:17,-18.34375,6.63671875,1.8515625
2025-03-20 16:36:17,-19.546875,6.26953125,2.3828125
2025-03-20 16:36:18,-19.78125,8.15625,2.91015625
2025-03-20 16:36:18,-18.5625,6.56640625,2.2890625
2025-03-20 16:36:18,-21.984375,7.19140625,3.328125
2025-03-20 16:36:18,-21.96875,7.50390625,3.32421875
2025-03-20 16:36:18,-21.4375,8.09375,3.28515625
2025-03-20 16:36:18,-20.53125,6.91015625,3.15234375
2025-03-20 16:36:18,-20.375,8.859375,3.296875
2025-03-20 16:36:18,-19.125,8.203125,3.14453125
2025-03-20 16:36:18,-20.6875,10.0,4.1796875
2025-03-20 16:36:18,-18.46875,8.5625,3.2421875
2025-03-20 16:36:19,-20.296875,9.4375,3.171875
2025-03-20 16:36:19,-20.09375,5.92578125,2.69921875
2025-03-20 16:36:19,-21.28125,5.80859375,2.62890625
2025-03-20 16:36:19,-22.71875,11.765625,3.76953125
2025-03-20 16:36:19,-21.203125,10.09375,3.49609375
2025-03-20 16:36:19,-20.25,7.87109375,2.84375
2025-03-20 16:36:19,-19.375,7.51171875,2.5546875
2025-03-20 16:36:19,-20.71875,5.85546875,3.12890625
2025-03-20 16:36:19,-22.046875,6.16796875,3.04296875
2025-03-20 16:36:20,-21.6875,4.75390625,2.13671875
2025-03-20 16:36:20,-19.75,6.92578125,2.8828125
2025-03-20 16:36:20,-18.890625,8.84375,3.30859375
2025-03-20 16:36:20,-21.03125,7.79296875,4.0546875
2025-03-20 16:36:20,-21.640625,9.4375,2.12890625
2025-03-20 16:36:20,-18.4375,8.265625,3.66015625
2025-03-20 16:36:20,-21.65625,8.546875,2.01953125
2025-03-20 16:36:20,-20.84375,10.4375,4.140625
2025-03-20 16:36:20,-21.953125,9.296875,1.52734375
2025-03-20 16:36:21,-22.015625,10.171875,1.921875
2025-03-20 16:36:21,-15.953125,8.078125,2.1484375
2025-03-20 16:36:21,-18.328125,7.91796875,1.625
2025-03-20 16:36:21,-18.53125,8.5625,2.390625
2025-03-20 16:36:21,-20.5625,7.88671875,3.83203125
2025-03-20 16:36:21,-20.65625,7.67578125,2.88671875
2025-03-20 16:36:21,-19.96875,8.078125,3.98046875
2025-03-20 16:36:21,-18.53125,7.07421875,3.78125
2025-03-20 16:36:21,-17.75,7.26171875,3.09375
2025-03-20 16:36:21,-17.34375,7.00390625,2.85546875
2025-03-20 16:36:22,-17.34375,7.05078125,2.69140625
2025-03-20 16:36:22,-17.8125,7.83984375,3.734375
2025-03-20 16:36:22,-16.609375,10.578125,2.828125
2025-03-20 16:36:22,-15.5078125,9.28125,2.171875
2025-03-20 16:36:22,-16.609375,10.453125,2.515625
2025-03-20 16:36:22,-17.890625,9.875,2.14453125
2025-03-20 16:36:22,-16.890625,9.640625,2.3828125
2025-03-20 16:36:22,-19.375,10.09375,2.8828125
2025-03-20 16:36:22,-19.453125,9.140625,2.3828125
2025-03-20 16:36:23,-20.84375,6.69921875,1.8828125
2025-03-20 16:36:23,-20.28125,6.78515625,2.390625
2025-03-20 16:36:23,-23.4375,7.80078125,2.9453125
2025-03-20 16:36:23,-19.6875,9.5,3.09765625
2025-03-20 16:36:23,-16.875,7.99609375,1.04296875
2025-03-20 16:36:23,-17.359375,6.79296875,1.98828125
2025-03-20 16:36:23,-15.5234375,8.875,2.88671875
2025-03-20 16:36:23,-17.75,8.421875,2.11328125
2025-03-20 16:36:23,-16.625,7.84765625,2.296875
2025-03-20 16:36:24,-17.1875,5.77734375,2.2265625
2025-03-20 16:36:24,-16.28125,6.67578125,3.21484375
2025-03-20 16:36:24,-18.65625,7.16796875,1.7109375
2025-03-20 16:36:24,-18.03125,9.359375,1.859375
2025-03-20 16:36:24,-19.6875,7.74609375,1.64453125
2025-03-20 16:36:24,-15.03125,9.640625,1.8515625
2025-03-20 16:36:24,-15.109375,10.671875,2.7421875
2025-03-20 16:36:24,-19.59375,7.12109375,2.99609375
2025-03-20 16:36:24,-16.375,10.984375,3.43359375
2025-03-20 16:36:24,-16.8125,6.66796875,3.21484375
2025-03-20 16:36:25,-20.28125,7.50390625,2.84765625
2025-03-20 16:36:25,-19.15625,6.13671875,3.2421875
2025-03-20 16:36:25,-22.140625,10.40625,2.79296875
2025-03-20 16:36:25,-20.734375,6.69140625,3.6328125
2025-03-20 16:36:25,-23.359375,10.25,3.18359375
2025-03-20 16:36:25,-17.015625,8.734375,1.1875
2025-03-20 16:36:25,-23.28125,13.15625,2.46484375
2025-03-20 16:36:25,-26.546875,15.375,3.42578125
2025-03-20 16:36:25,-25.046875,15.0625,3.24609375
2025-03-20 16:36:26,-23.15625,16.6875,1.9609375
2025-03-20 16:36:26,-23.03125,13.15625,1.4296875
2025-03-20 16:36:26,-21.953125,16.5,3.65234375
2025-03-20 16:36:26,-20.71875,16.90625,3.359375
2025-03-20 16:36:26,-21.59375,15.609375,3.609375
2025-03-20 16:36:26,-21.375,12.140625,3.44921875
2025-03-20 16:36:26,-20.609375,15.0625,3.09765625
2025-03-20 16:36:26,-19.34375,15.640625,2.48046875
2025-03-20 16:36:26,-20.65625,15.046875,2.83984375
2025-03-20 16:36:26,-20.890625,15.03125,2.1953125
2025-03-20 16:36:27,-20.1875,14.765625,2.80078125
2025-03-20 16:36:27,-20.9375,15.59375,2.73828125
2025-03-20 16:36:27,-20.46875,15.3125,2.27734375
2025-03-20 16:36:27,-20.84375,13.3125,1.93359375
2025-03-20 16:36:27,-20.34375,14.5625,2.37890625
2025-03-20 16:36:27,-20.8125,15.9375,2.83203125
2025-03-20 16:36:27,-20.15625,14.96875,2.06640625
2025-03-20 16:36:27,-21.890625,17.0625,3.65234375
2025-03-20 16:36:27,-18.953125,16.578125,3.01171875
2025-03-20 16:36:28,-21.71875,16.296875,3.1328125
2025-03-20 16:36:28,-20.03125,15.9375,2.33984375
2025-03-20 16:36:28,-18.90625,14.390625,1.29296875
2025-03-20 16:36:28,-18.71875,15.625,2.03125
2025-03-20 16:36:28,-18.5,14.390625,0.96484375
2025-03-20 16:36:28,-17.75,13.609375,0.93359375
2025-03-20 16:36:28,-19.5,15.609375,2.734375
2025-03-20 16:36:28,-19.53125,15.09375,2.15234375
2025-03-20 16:36:28,-19.8125,14.046875,1.36328125
2025-03-20 16:36:28,-18.484375,14.921875,1.25
2025-03-20 16:36:29,-18.125,15.109375,1.234375
2025-03-20 16:36:29,-19.375,14.359375,2.125
2025-03-20 16:36:29,-18.6875,14.359375,1.875
2025-03-20 16:36:29,-20.09375,15.109375,2.125
2025-03-20 16:36:29,-21.15625,17.359375,4.08984375
2025-03-20 16:36:29,-17.953125,16.859375,3.078125
2025-03-20 16:36:29,-21.828125,15.375,3.70703125
2025-03-20 16:36:29,-21.25,15.171875,2.6640625
2025-03-20 16:36:29,-18.84375,16.578125,3.0546875
2025-03-20 16:36:30,-19.515625,14.78125,2.10546875
2025-03-20 16:36:30,-18.6875,14.46875,2.2578125
2025-03-20 16:36:30,-17.625,17.90625,3.41015625
2025-03-20 16:36:30,-17.453125,15.4375,2.3515625
2025-03-20 16:36:30,-17.890625,14.015625,1.390625
2025-03-20 16:36:30,-19.1875,14.328125,2.08203125
2025-03-20 16:36:30,-23.90625,15.453125,3.29296875
2025-03-20 16:36:30,-23.171875,15.53125,3.16015625
2025-03-20 16:36:30,-19.8125,15.375,3.34375
2025-03-20 16:36:31,-18.640625,12.5625,3.125
2025-03-20 16:36:31,-20.171875,13.421875,3.0703125
2025-03-20 16:36:31,-20.78125,13.21875,3.453125
2025-03-20 16:36:31,-19.5625,13.484375,3.078125
2025-03-20 16:36:31,-21.328125,13.703125,3.3515625
2025-03-20 16:36:31,-21.671875,14.328125,3.76171875
2025-03-20 16:36:31,-18.78125,14.5,4.1171875
2025-03-20 16:36:31,-20.625,14.15625,3.82421875
2025-03-20 16:36:31,-20.96875,14.703125,2.80859375
2025-03-20 16:36:31,-20.09375,13.125,3.07421875
2025-03-20 16:36:32,-20.859375,14.46875,3.26953125
2025-03-20 16:36:32,-18.390625,14.40625,2.58984375
2025-03-20 16:36:32,-20.53125,14.34375,2.4296875
2025-03-20 16:36:32,-21.6875,14.390625,3.7734375
2025-03-20 16:36:32,-21.625,13.875,2.2421875
2025-03-20 16:36:32,-22.484375,16.6875,3.08984375
2025-03-20 16:36:32,-24.203125,16.03125,3.8671875
2025-03-20 16:36:32,-23.328125,16.1875,3.578125
2025-03-20 16:36:32,-22.171875,14.671875,2.9296875
2025-03-20 16:36:33,-20.90625,14.578125,2.9609375
2025-03-20 16:36:33,-20.625,14.796875,2.45703125
2025-03-20 16:36:33,-19.375,14.921875,2.9375
2025-03-20 16:36:33,-19.90625,15.203125,2.86328125
2025-03-20 16:36:33,-24.0625,14.421875,2.81640625
2025-03-20 16:36:33,-27.296875,11.5,2.75390625
2025-03-20 16:36:33,-26.28125,11.65625,1.6796875
2025-03-20 16:36:33,-32.53125,11.546875,1.22265625
2025-03-20 16:36:33,-33.4375,14.421875,2.73046875
2025-03-20 16:36:33,-33.65625,15.75,1.265625
2025-03-20 16:36:34,-34.9375,14.328125,2.234375
2025-03-20 16:36:34,-32.25,16.703125,3.875
2025-03-20 16:36:34,-33.78125,15.78125,3.2578125
2025-03-20 16:36:34,-38.0,12.125,5.65234375
2025-03-20 16:36:34,-38.8125,9.375,-0.60546875
2025-03-20 16:36:34,-43.8125,5.44140625,-2.951171875
2025-03-20 16:36:34,-32.4375,7.00390625,-7.37890625
2025-03-20 16:36:34,-36.25,-2.91015625,-16.875
2025-03-20 16:36:34,-34.8125,-2.572265625,-19.578125
2025-03-20 16:36:35,-27.0625,8.859375,-14.140625
2025-03-20 16:36:35,-28.296875,8.796875,-13.78125
2025-03-20 16:36:35,-20.15625,6.87890625,-14.5
2025-03-20 16:36:35,-31.828125,5.75390625,-11.875
2025-03-20 16:36:35,-30.15625,14.9375,-17.140625
2025-03-20 16:36:35,-38.5,8.796875,-15.953125
2025-03-20 16:36:35,-38.75,10.09375,-15.5
2025-03-20 16:36:35,-45.5625,9.953125,-18.484375
2025-03-20 16:36:35,-40.1875,8.625,-17.09375
2025-03-20 16:36:36,-44.5,4.16796875,-13.859375
2025-03-20 16:36:36,-37.5,-1.767578125,-22.921875
2025-03-20 16:36:36,-46.75,-3.099609375,-22.78125
2025-03-20 16:36:36,-34.1875,-1.0625,-22.015625
2025-03-20 16:36:36,-26.9375,-2.62109375,-12.203125
2025-03-20 16:36:36,-23.953125,-8.4453125,-11.53125
2025-03-20 16:36:36,-32.84375,-7.765625,-17.25
2025-03-20 16:36:36,-20.15625,8.03125,-12.5
2025-03-20 16:36:36,-29.4375,12.5,5.81640625
2025-03-20 16:36:36,-24.8125,32.125,12.53125
2025-03-20 16:36:36,12.59375,6.97265625,-18.25
2025-03-20 16:36:37,21.484375,2.25390625,-14.265625
2025-03-20 16:36:37,-22.53125,35.21875,11.171875
2025-03-20 16:36:37,24.53125,3.19140625,-12.28125
2025-03-20 16:36:37,-16.09375,35.71875,8.5
2025-03-20 16:36:37,20.78125,3.01171875,-14.875
2025-03-20 16:36:37,-19.4375,33.125,9.09375
2025-03-20 16:36:37,26.765625,1.875,-10.8125
2025-03-20 16:36:37,37.625,1.91015625,-2.291015625
2025-03-20 16:36:37,39.5,0.39453125,2.58984375
2025-03-20 16:36:37,40.0,3.43359375,1.8984375
2025-03-20 16:36:38,35.3125,0.44140625,-5.16796875
2025-03-20 16:36:38,36.4375,2.73046875,-2.041015625
2025-03-20 16:36:38,36.25,0.546875,-1.6259765625
2025-03-20 16:36:38,35.0625,3.98828125,-2.78515625
2025-03-20 16:36:38,35.125,5.38671875,-0.783203125
2025-03-20 16:36:38,36.625,1.453125,0.005859375
2025-03-20 16:36:38,36.75,4.73828125,-0.25390625
2025-03-20 16:36:38,37.9375,3.88671875,2.6171875
2025-03-20 16:36:38,37.3125,4.39453125,-0.671875
2025-03-20 16:36:38,38.3125,3.09765625,1.76953125
2025-03-20 16:36:39,37.0625,3.19921875,-0.57421875
2025-03-20 16:36:39,37.25,1.75390625,2.16015625
2025-03-20 16:36:39,37.25,3.30078125,-0.11328125
2025-03-20 16:36:39,38.1875,5.71484375,1.0234375
2025-03-20 16:36:39,36.5625,3.67578125,-1.27734375
2025-03-20 16:36:39,37.875,3.28515625,0.623046875
2025-03-20 16:36:39,37.375,2.6171875,0.6171875
2025-03-20 16:36:39,34.8125,3.19140625,-3.298828125
2025-03-20 16:36:39,38.8125,3.30078125,1.93359375
2025-03-20 16:36:40,36.0,3.72265625,-1.3759765625
2025-03-20 16:36:40,35.8125,2.421875,-1.6396484375
2025-03-20 16:36:40,36.8125,3.23828125,-2.966796875
2025-03-20 16:36:40,37.125,3.54296875,-0.673828125
2025-03-20 16:36:40,36.6875,4.24609375,-0.5859375
2025-03-20 16:36:40,35.0625,3.01171875,-0.9609375
2025-03-20 16:36:40,36.6875,3.20703125,-0.052734375
2025-03-20 16:36:40,37.875,3.08203125,0.94921875
2025-03-20 16:36:40,37.3125,3.29296875,0.72265625
2025-03-20 16:36:40,38.4375,3.01171875,0.796875
2025-03-20 16:36:41,37.125,4.62109375,-0.546875
2025-03-20 16:36:41,37.75,4.63671875,2.01953125
2025-03-20 16:36:41,37.125,4.69921875,-0.7109375
2025-03-20 16:36:41,37.25,4.12890625,1.62109375
2025-03-20 16:36:41,37.25,1.99609375,-0.904296875
2025-03-20 16:36:41,38.5625,3.53515625,1.6875
2025-03-20 16:36:41,34.875,5.09765625,-0.919921875
2025-03-20 16:36:41,37.5625,4.33984375,-0.0234375
2025-03-20 16:36:42,39.3125,2.71484375,3.453125
2025-03-20 16:36:42,38.0625,4.80859375,-0.80078125
2025-03-20 16:36:42,37.625,2.99609375,-0.7578125
2025-03-20 16:36:42,35.0,2.359375,-0.947265625
2025-03-20 16:36:42,38.3125,2.16796875,0.451171875
2025-03-20 16:36:42,35.6875,3.87109375,-1.5615234375
2025-03-20 16:36:42,37.8125,3.37109375,0.775390625
2025-03-20 16:36:42,35.5625,2.33984375,0.119140625
2025-03-20 16:36:42,37.375,3.45703125,-0.583984375
2025-03-20 16:36:42,37.9375,4.69140625,2.59375
2025-03-20 16:36:42,35.1875,3.94140625,-1.3056640625
2025-03-20 16:36:43,37.9375,3.36328125,0.94921875
2025-03-20 16:36:43,35.4375,2.2109375,-3.6171875
2025-03-20 16:36:43,37.5625,4.50390625,1.5078125
2025-03-20 16:36:43,36.375,3.46484375,0.13671875
2025-03-20 16:36:43,37.0,3.11328125,-0.82421875
2025-03-20 16:36:43,38.0,3.24609375,0.380859375
2025-03-20 16:36:43,36.5,4.14453125,-2.4609375
2025-03-20 16:36:43,36.4375,5.21484375,-0.001953125
2025-03-20 16:36:43,35.3125,3.58203125,-2.625
2025-03-20 16:36:44,38.375,2.2578125,-1.994140625
2025-03-20 16:36:44,38.3125,3.83203125,0.87890625
2025-03-20 16:36:44,37.625,4.16796875,-1.9111328125
2025-03-20 16:36:44,38.125,4.08984375,-0.5
2025-03-20 16:36:44,37.3125,4.44140625,-0.4453125
2025-03-20 16:36:44,37.75,3.46484375,-2.84765625
2025-03-20 16:36:44,36.75,2.1171875,-2.87109375
2025-03-20 16:36:44,37.9375,6.04296875,-2.37109375
2025-03-20 16:36:44,35.8125,4.59765625,-1.96875
2025-03-20 16:36:44,37.0,2.79296875,-0.884765625
2025-03-20 16:36:45,37.1875,4.41015625,-1.53125
2025-03-20 16:36:45,37.1875,4.45703125,-1.5224609375
2025-03-20 16:36:45,36.3125,4.96484375,-3.265625
2025-03-20 16:36:45,38.1875,4.95703125,-1.5703125
2025-03-20 16:36:45,38.625,4.48828125,-0.912109375
2025-03-20 16:36:45,38.75,4.98828125,-0.501953125
2025-03-20 16:36:45,38.125,4.43359375,-3.158203125
2025-03-20 16:36:45,38.4375,5.09765625,-1.626953125
2025-03-20 16:36:46,37.5,5.27734375,-3.13671875
2025-03-20 16:36:46,38.375,5.13671875,-4.1640625
2025-03-20 16:36:46,37.75,2.84765625,-1.15625
2025-03-20 16:36:46,35.6875,6.77734375,-3.83984375
2025-03-20 16:36:46,36.25,3.18359375,-4.41796875
2025-03-20 16:36:46,35.6875,4.26171875,-6.0078125
2025-03-20 16:36:46,37.6875,4.05859375,-6.078125
2025-03-20 16:36:46,36.9375,3.82421875,-3.642578125
2025-03-20 16:36:46,38.0,6.63671875,-1.5517578125
2025-03-20 16:36:47,37.625,7.03515625,-2.89453125
2025-03-20 16:36:47,35.375,6.03515625,-4.25
2025-03-20 16:36:47,36.375,5.46484375,-4.9140625
2025-03-20 16:36:47,36.875,6.00390625,-3.287109375
2025-03-20 16:36:47,37.25,5.54296875,-4.4296875
2025-03-20 16:36:47,36.375,6.33984375,-5.6171875
2025-03-20 16:36:47,38.1875,5.51171875,-4.3671875
2025-03-20 16:36:47,37.4375,7.73828125,-4.32421875
2025-03-20 16:36:47,37.5625,5.71484375,-5.3203125
2025-03-20 16:36:47,38.375,5.52734375,-5.359375
2025-03-20 16:36:48,36.625,7.30859375,-4.2421875
2025-03-20 16:36:48,38.125,7.81640625,-6.0703125
2025-03-20 16:36:48,38.75,5.99609375,-3.6171875
2025-03-20 16:36:48,37.625,6.72265625,-5.48828125
2025-03-20 16:36:48,36.8125,7.63671875,-6.47265625
2025-03-20 16:36:48,37.5,7.79296875,-6.25
2025-03-20 16:36:48,36.375,8.09375,-8.0703125
2025-03-20 16:36:48,37.5625,7.55078125,-6.0625
2025-03-20 16:36:48,37.8125,5.98828125,-4.953125
2025-03-20 16:36:48,36.375,8.734375,-7.3515625
2025-03-20 16:36:49,36.1875,7.01171875,-6.359375
2025-03-20 16:36:49,37.4375,6.82421875,-5.8046875
2025-03-20 16:36:49,36.6875,7.87890625,-8.796875
2025-03-20 16:36:49,37.5,6.99609375,-7.80859375
2025-03-20 16:36:49,36.375,8.984375,-8.1171875
2025-03-20 16:36:49,36.5,7.26171875,-5.7890625
2025-03-20 16:36:49,37.5625,7.33984375,-6.0625
2025-03-20 16:36:49,36.8125,6.90234375,-5.81640625
2025-03-20 16:36:49,35.0625,7.60546875,-7.19921875
2025-03-20 16:36:50,37.1875,7.73046875,-4.7734375
2025-03-20 16:36:50,36.375,7.50390625,-8.0703125
2025-03-20 16:36:50,38.0625,8.40625,-4.96484375
2025-03-20 16:36:50,38.0,6.50390625,-7.92578125
2025-03-20 16:36:50,34.6875,7.71484375,-7.71875
2025-03-20 16:36:50,37.4375,7.62890625,-4.8515625
2025-03-20 16:36:50,38.8125,8.3125,-5.84765625
2025-03-20 16:36:50,35.9375,5.35546875,-8.0859375
2025-03-20 16:36:50,37.8125,5.94140625,-5.4375
2025-03-20 16:36:51,38.5625,7.73828125,-5.203125
2025-03-20 16:36:51,36.8125,7.39453125,-4.1640625
2025-03-20 16:36:51,37.9375,7.20703125,-4.16796875
2025-03-20 16:36:51,37.25,6.34765625,-5.2890625
2025-03-20 16:36:51,35.875,4.53515625,-6.9296875
2025-03-20 16:36:51,38.0,7.21484375,-5.37890625
2025-03-20 16:36:51,36.75,5.43359375,-5.02734375
2025-03-20 16:36:51,38.3125,6.62109375,-5.84375
2025-03-20 16:36:51,36.9375,7.54296875,-7.21484375
2025-03-20 16:36:51,37.25,6.98828125,-6.51953125
2025-03-20 16:36:52,36.9375,7.70703125,-5.3046875
2025-03-20 16:36:52,38.5625,5.93359375,-6.9765625
2025-03-20 16:36:52,37.75,6.99609375,-6.1640625
2025-03-20 16:36:52,38.0625,6.95703125,-6.65234375
2025-03-20 16:36:52,38.5625,7.20703125,-6.99609375
2025-03-20 16:36:52,36.9375,7.72265625,-5.078125
2025-03-20 16:36:52,39.75,7.83203125,-3.310546875
2025-03-20 16:36:52,39.0625,7.91796875,-3.521484375
2025-03-20 16:36:52,38.6875,6.55859375,-2.5703125
2025-03-20 16:36:53,37.625,5.98828125,-8.1953125
2025-03-20 16:36:53,38.8125,6.01953125,-3.44921875
2025-03-20 16:36:53,35.4375,6.62890625,-5.43359375
2025-03-20 16:36:53,37.3125,6.81640625,-6.1953125
2025-03-20 16:36:53,38.25,7.80859375,-4.90625
2025-03-20 16:36:53,37.5,6.50390625,-6.8125
2025-03-20 16:36:53,36.0,7.29296875,-10.265625
2025-03-20 16:36:53,11.890625,9.8125,-18.71875
2025-03-20 16:36:53,-30.859375,14.203125,-0.798828125
2025-03-20 16:36:53,-45.1875,5.82421875,3.625
2025-03-20 16:36:54,-44.0,3.80859375,1.71875
2025-03-20 16:36:54,-42.5,3.58984375,1.43359375
2025-03-20 16:36:54,-39.875,2.375,0.05859375
2025-03-20 16:36:54,-40.0,0.70703125,0.5
2025-03-20 16:36:54,-36.5,0.796875,0.3203125
2025-03-20 16:36:54,-33.03125,1.3671875,0.435546875
2025-03-20 16:36:54,-36.28125,1.25390625,1.6796875
2025-03-20 16:36:54,-40.125,5.69140625,2.0625
2025-03-20 16:36:55,-37.625,4.33203125,1.16796875
2025-03-20 16:36:55,-37.3125,9.125,1.32421875
2025-03-20 16:36:55,-37.09375,8.015625,1.59375
2025-03-20 16:36:55,-36.625,9.15625,2.0
2025-03-20 16:36:55,-39.9375,11.96875,3.34765625
2025-03-20 16:36:55,-35.125,11.375,5.16796875
2025-03-20 16:36:55,-28.359375,10.0625,2.41796875
2025-03-20 16:36:55,-28.78125,10.71875,3.203125
2025-03-20 16:36:55,-27.609375,9.84375,1.328125
2025-03-20 16:36:55,-27.046875,7.44921875,0.658203125
2025-03-20 16:36:55,-31.21875,10.859375,3.59765625
2025-03-20 16:36:56,-27.65625,9.53125,2.30859375
2025-03-20 16:36:56,-23.5,12.3125,2.85546875
2025-03-20 16:36:56,-26.875,7.86328125,-3.333984375
2025-03-20 16:36:56,-26.78125,11.625,1.80078125
2025-03-20 16:36:56,-25.828125,12.328125,-4.2109375
2025-03-20 16:36:56,-29.703125,10.78125,-2.359375
2025-03-20 16:36:56,-28.765625,11.234375,-2.71484375
2025-03-20 16:36:56,-27.671875,10.671875,-1.5361328125
2025-03-20 16:36:56,-25.140625,12.921875,-0.484375
2025-03-20 16:36:57,-29.234375,16.03125,-1.0703125
2025-03-20 16:36:57,-27.828125,14.859375,0.2578125
2025-03-20 16:36:57,-26.40625,13.5,2.54296875
2025-03-20 16:36:57,-18.59375,14.0625,-0.8125
2025-03-20 16:36:57,-21.25,13.140625,0.703125
2025-03-20 16:36:57,-23.65625,13.828125,-1.6591796875
2025-03-20 16:36:57,-21.75,10.171875,0.29296875
2025-03-20 16:36:57,-20.03125,10.4375,-0.41796875
2025-03-20 16:36:57,-17.09375,11.234375,-1.546875
2025-03-20 16:36:57,-24.359375,7.08203125,-1.2744140625
2025-03-20 16:36:58,-20.90625,11.53125,1.90234375
2025-03-20 16:36:58,-19.40625,7.65234375,4.86328125
2025-03-20 16:36:58,-19.84375,4.83203125,4.83984375
2025-03-20 16:36:58,-18.78125,7.63671875,3.84375
2025-03-20 16:36:58,-18.03125,8.421875,6.91796875
2025-03-20 16:36:58,-15.3828125,7.24609375,0.875
2025-03-20 16:36:58,-16.40625,5.30859375,2.2734375
2025-03-20 16:36:58,-17.453125,5.44140625,1.3828125
2025-03-20 16:36:59,-25.125,10.890625,1.3359375
2025-03-20 16:36:59,-19.40625,7.01953125,4.26953125
2025-03-20 16:36:59,-19.140625,7.56640625,4.62109375
2025-03-20 16:36:59,-17.375,7.91796875,3.83203125
2025-03-20 16:36:59,-22.8125,2.59765625,1.36328125
2025-03-20 16:36:59,-21.578125,0.0859375,-2.30078125
2025-03-20 16:36:59,-25.796875,3.33203125,3.08203125
2025-03-20 16:36:59,-19.5625,2.44140625,-2.712890625
2025-03-20 16:36:59,-24.171875,2.98046875,1.3828125
2025-03-20 16:36:59,-24.890625,-0.0390625,-1.84375
2025-03-20 16:36:59,-26.21875,3.41015625,0.076171875
2025-03-20 16:37:00,-31.46875,0.14453125,-1.9267578125
2025-03-20 16:37:00,-30.96875,2.04296875,-0.40234375
2025-03-20 16:37:00,-27.984375,0.109375,0.466796875
2025-03-20 16:37:00,-30.78125,0.28125,-0.38671875
2025-03-20 16:37:00,-34.4375,0.76171875,2.15234375
2025-03-20 16:37:00,-37.9375,1.546875,2.86328125
2025-03-20 16:37:00,-27.8125,2.73046875,3.5546875
2025-03-20 16:37:00,-30.40625,2.75390625,5.15234375
2025-03-20 16:37:00,-26.84375,5.33203125,4.6875
2025-03-20 16:37:01,-18.46875,3.05078125,0.333984375
2025-03-20 16:37:01,-20.125,3.29296875,2.0546875
2025-03-20 16:37:01,-15.171875,2.80859375,0.140625
2025-03-20 16:37:01,-15.5078125,6.17578125,0.158203125
2025-03-20 16:37:01,-15.9609375,1.5859375,-2.943359375
2025-03-20 16:37:02,-17.703125,1.98828125,0.28515625
2025-03-20 16:37:02,-17.34375,2.63671875,-0.66796875
2025-03-20 16:37:02,-27.453125,1.015625,-0.21484375
2025-03-20 16:37:02,-22.109375,3.74609375,-0.650390625
2025-03-20 16:37:02,-21.0625,8.828125,0.01953125
2025-03-20 16:37:02,-18.3125,-0.6953125,-3.7734375
2025-03-20 16:37:03,-18.140625,3.36328125,-2.0390625
2025-03-20 16:37:03,-16.0,11.765625,0.337890625
2025-03-20 16:37:03,-21.125,2.44921875,-5.421875
2025-03-20 16:37:03,-38.75,-4.94140625,-12.109375
2025-03-20 16:37:03,-42.5625,-7.75,-11.96875
2025-03-20 16:37:04,-28.203125,-2.01171875,-11.421875
2025-03-20 16:37:04,-35.8125,-2.64453125,-14.328125
2025-03-20 16:37:04,-29.15625,0.46484375,-8.21875
2025-03-20 16:37:04,-26.21875,-0.9140625,-12.625
2025-03-20 16:37:04,-23.625,-0.25,-11.59375
2025-03-20 16:37:04,-33.1875,-6.234375,-13.9375
2025-03-20 16:37:04,-24.234375,-6.18359375,-15.296875
2025-03-20 16:37:04,-34.03125,-6.73046875,-18.0625
2025-03-20 16:37:04,-15.0859375,-10.3125,-17.5
2025-03-20 16:37:05,-22.0,-13.125,-18.390625
2025-03-20 16:37:05,-42.3125,3.66015625,-3.84375
2025-03-20 16:37:05,-42.5625,2.5078125,-8.71875
2025-03-20 16:37:06,-31.28125,-0.3828125,-7.64453125
2025-03-20 16:37:06,-41.75,4.76171875,-6.4609375
2025-03-20 16:37:07,38.375,-1.9921875,-5.2890625
2025-03-20 16:37:08,-22.25,-5.03125,-4.00390625
2025-03-20 16:37:08,-22.53125,-2.625,-7.953125
2025-03-20 16:37:08,-20.3125,4.27734375,-8.96875
2025-03-20 16:37:11,-17.6875,0.55859375,4.421875
2025-03-20 16:37:11,-23.21875,5.91015625,0.775390625
2025-03-20 16:37:11,15.65625,8.234375,-13.203125
2025-03-20 16:37:11,-18.53125,10.015625,7.44140625
2025-03-20 16:37:11,31.953125,0.67578125,0.9765625
2025-03-20 16:37:11,-20.3125,9.28125,-3.77734375
2025-03-20 16:37:11,36.0625,1.65625,-3.76171875
2025-03-20 16:37:11,-22.421875,24.921875,11.234375
2025-03-20 16:37:11,-22.921875,12.59375,11.03125
2025-03-20 16:37:11,33.375,-0.12890625,0.07421875
2025-03-20 16:37:11,-18.375,18.890625,6.60546875
2025-03-20 16:37:12,34.5,-1.689453125,-1.1328125
2025-03-20 16:37:12,-16.265625,21.546875,12.625
2025-03-20 16:37:12,-20.921875,16.15625,15.984375
2025-03-20 16:37:12,31.421875,-1.6875,-0.70703125
2025-03-20 16:37:12,33.9375,-1.046875,0.205078125
2025-03-20 16:37:12,-25.84375,10.90625,10.484375
2025-03-20 16:37:12,34.25,0.9453125,-3.728515625
2025-03-20 16:37:12,-21.078125,25.75,2.06640625
2025-03-20 16:37:13,38.9375,-1.07421875,2.6875
2025-03-20 16:37:13,-25.140625,30.1875,16.390625
2025-03-20 16:37:13,-28.125,21.125,20.234375
2025-03-20 16:37:13,35.8125,-0.73828125,-0.33984375
2025-03-20 16:37:13,-23.546875,26.78125,17.703125
2025-03-20 16:37:13,36.9375,1.07421875,0.658203125
2025-03-20 16:37:13,-25.65625,25.875,16.75
2025-03-20 16:37:13,38.4375,0.875,2.41015625
2025-03-20 16:37:13,-22.984375,15.21875,15.125
2025-03-20 16:37:13,36.6875,0.9140625,-0.306640625
2025-03-20 16:37:14,-29.5625,13.875,11.390625
2025-03-20 16:37:14,36.375,-0.0390625,0.396484375
2025-03-20 16:37:14,-35.25,12.0625,9.671875
2025-03-20 16:37:14,32.9375,-0.859375,-2.4140625
2025-03-20 16:37:14,-32.25,13.28125,10.90625
2025-03-20 16:37:14,26.953125,5.69921875,-7.43359375
2025-03-20 16:37:14,-27.9375,14.953125,10.265625
2025-03-20 16:37:14,33.6875,1.375,0.630859375
2025-03-20 16:37:14,-32.0625,9.0,5.53515625
2025-03-20 16:37:14,32.5625,0.953125,-0.80859375
2025-03-20 16:37:15,-33.6875,11.875,9.40625
2025-03-20 16:37:15,32.875,1.26953125,-0.388671875
2025-03-20 16:37:15,-33.75,7.14453125,3.90234375
2025-03-20 16:37:15,35.0,2.1796875,0.8828125
2025-03-20 16:37:15,-34.625,10.09375,8.515625
2025-03-20 16:37:15,34.875,2.08984375,-0.041015625
2025-03-20 16:37:15,-33.3125,10.53125,8.171875
2025-03-20 16:37:15,35.8125,1.8046875,2.51953125
2025-03-20 16:37:15,-34.6875,15.578125,11.234375
2025-03-20 16:37:15,33.625,1.83984375,1.01953125
2025-03-20 16:37:16,-34.875,13.21875,8.453125
2025-03-20 16:37:16,33.6875,1.4453125,0.015625
2025-03-20 16:37:16,-33.625,10.671875,8.46875
2025-03-20 16:37:16,33.75,1.20703125,0.83203125
2025-03-20 16:37:16,-31.828125,12.234375,8.1875
2025-03-20 16:37:16,36.5,2.265625,1.1796875
2025-03-20 16:37:16,-33.3125,7.10546875,5.51171875
2025-03-20 16:37:16,34.6875,0.015625,-0.072265625
2025-03-20 16:37:16,-32.6875,6.36328125,4.1796875
2025-03-20 16:37:16,33.0625,1.06640625,-1.044921875
2025-03-20 16:37:17,-34.875,8.90625,5.67578125
2025-03-20 16:37:17,34.25,0.51171875,0.765625
2025-03-20 16:37:17,-33.84375,9.96875,6.17578125
2025-03-20 16:37:17,35.3125,0.8125,2.328125
2025-03-20 16:37:17,-33.40625,10.515625,6.57421875
2025-03-20 16:37:17,34.875,2.6171875,1.38671875
2025-03-20 16:37:17,-29.828125,8.828125,4.82421875
2025-03-20 16:37:17,31.734375,0.21875,-1.009765625
2025-03-20 16:37:17,-34.21875,6.09765625,5.84765625
2025-03-20 16:37:17,35.5,2.27734375,2.08984375
2025-03-20 16:37:18,-31.59375,11.546875,9.75
2025-03-20 16:37:18,30.578125,-0.5859375,0.9609375
2025-03-20 16:37:18,-18.125,17.5625,10.234375
2025-03-20 16:37:18,23.625,3.32421875,-7.8359375
2025-03-20 16:37:18,-30.78125,0.44140625,-1.6123046875
2025-03-20 16:37:18,-38.1875,0.26171875,-2.416015625
2025-03-20 16:37:18,-35.625,0.55859375,-1.71484375
2025-03-20 16:37:18,-36.0,1.109375,-2.076171875
2025-03-20 16:37:18,-37.625,1.29296875,-1.90234375
2025-03-20 16:37:19,-39.8125,3.69921875,-1.7275390625
2025-03-20 16:37:19,-37.15625,1.01171875,-0.796875
2025-03-20 16:37:19,-33.5625,1.9921875,-1.5439453125
2025-03-20 16:37:19,-33.46875,0.9140625,-1.78515625
2025-03-20 16:37:19,-32.625,0.4453125,-2.22265625
2025-03-20 16:37:19,-30.5,0.6328125,-2.263671875
2025-03-20 16:37:19,-31.484375,0.48046875,-2.416015625
2025-03-20 16:37:19,-36.4375,0.734375,-2.43359375
2025-03-20 16:37:19,-35.40625,0.83984375,-2.341796875
2025-03-20 16:37:20,-33.1875,0.68359375,-2.35546875
2025-03-20 16:37:20,-34.0,0.83203125,-2.3203125
2025-03-20 16:37:20,-31.796875,0.31640625,-2.17578125
2025-03-20 16:37:29,30.296875,3.85546875,-26.75
2025-03-20 16:37:29,51.0625,-7.47265625,-0.3671875
2025-03-20 16:37:29,53.5,-11.03125,-2.943359375
2025-03-20 16:37:29,53.25,-10.6015625,-9.125
2025-03-20 16:37:30,45.0625,3.83203125,-3.287109375
2025-03-20 16:37:30,23.328125,4.27734375,-1.6005859375
2025-03-20 16:37:30,17.15625,14.359375,-1.8974609375
2025-03-20 16:37:30,11.40625,15.671875,-0.076171875
2025-03-20 16:37:31,10.5703125,15.234375,0.587890625
2025-03-20 16:37:31,7.4140625,16.734375,-1.3671875
2025-03-20 16:37:31,10.125,16.65625,-1.3349609375
2025-03-20 16:37:31,15.328125,14.34375,0.736328125
2025-03-20 16:37:31,12.40625,15.5,-0.49609375
2025-03-20 16:37:31,16.0,15.75,-0.431640625
2025-03-20 16:37:31,12.78125,18.265625,-3.60546875
2025-03-20 16:37:31,13.65625,16.84375,-2.49609375
2025-03-20 16:37:31,16.015625,16.484375,-0.892578125
2025-03-20 16:37:32,9.640625,17.953125,-3.833984375
2025-03-20 16:37:32,15.09375,18.546875,-2.68359375
2025-03-20 16:37:32,11.296875,17.234375,-3.50390625
2025-03-20 16:37:32,15.953125,17.765625,-3.0390625
2025-03-20 16:37:32,14.140625,18.34375,-2.52734375
2025-03-20 16:37:32,13.609375,18.921875,-2.97265625
2025-03-20 16:37:32,13.390625,18.21875,-2.552734375
2025-03-20 16:37:32,16.734375,18.640625,-1.4951171875
2025-03-20 16:37:32,17.390625,17.5625,-1.763671875
2025-03-20 16:37:32,19.40625,16.78125,-3.3828125
2025-03-20 16:37:33,19.53125,17.8125,-3.21484375
2025-03-20 16:37:33,21.1875,17.828125,-2.9140625
2025-03-20 16:37:33,16.3125,18.28125,-3.1015625
2025-03-20 16:37:33,21.21875,16.390625,-5.01171875
2025-03-20 16:37:33,19.8125,16.125,-4.5078125
2025-03-20 16:37:33,18.90625,17.71875,-1.21875
2025-03-20 16:37:33,18.75,18.265625,-4.203125
2025-03-20 16:37:33,16.234375,17.671875,-4.01171875
2025-03-20 16:37:33,18.296875,18.890625,-3.228515625
2025-03-20 16:37:34,20.609375,17.484375,-3.41796875
2025-03-20 16:37:34,17.796875,18.625,-4.22265625
2025-03-20 16:37:34,18.25,16.671875,-4.03125
2025-03-20 16:37:34,19.28125,16.4375,-3.94140625
2025-03-20 16:37:34,19.15625,18.84375,-4.609375
2025-03-20 16:37:34,19.015625,16.296875,-3.279296875
2025-03-20 16:37:34,19.5,16.71875,-4.55859375
2025-03-20 16:37:34,20.890625,17.78125,-3.357421875
2025-03-20 16:37:34,18.640625,17.328125,-3.255859375
2025-03-20 16:37:34,19.96875,17.828125,-1.95703125
2025-03-20 16:37:35,18.21875,17.796875,-4.296875
2025-03-20 16:37:35,18.328125,19.296875,-4.40625
2025-03-20 16:37:35,17.703125,17.765625,-2.375
2025-03-20 16:37:35,18.265625,19.6875,-4.8828125
2025-03-20 16:37:35,18.25,20.5,-5.3984375
2025-03-20 16:37:35,17.03125,19.046875,-3.677734375
2025-03-20 16:37:35,18.671875,17.515625,-4.0078125
2025-03-20 16:37:35,18.734375,18.78125,-1.90234375
2025-03-20 16:37:35,19.125,19.15625,-1.8466796875
2025-03-20 16:37:36,16.6875,19.328125,-2.986328125
2025-03-20 16:37:36,16.140625,16.4375,-2.12890625
2025-03-20 16:37:36,18.75,17.625,-2.19140625
2025-03-20 16:37:36,17.875,15.15625,-1.5693359375
2025-03-20 16:37:36,19.59375,16.3125,-2.759765625
2025-03-20 16:37:36,18.671875,19.09375,-1.9130859375
2025-03-20 16:37:36,18.46875,19.5625,-2.708984375
2025-03-20 16:37:36,18.3125,19.796875,-2.255859375
2025-03-20 16:37:36,15.875,19.15625,-1.6787109375
2025-03-20 16:37:36,18.5,18.609375,-3.396484375
2025-03-20 16:37:37,20.734375,18.515625,-1.5849609375
2025-03-20 16:37:37,20.03125,16.8125,-2.0078125
2025-03-20 16:37:37,22.8125,14.0,-0.55859375
2025-03-20 16:37:37,21.484375,15.546875,-1.3408203125
2025-03-20 16:37:37,23.265625,15.46875,-0.814453125
2025-03-20 16:37:37,21.734375,15.703125,-0.380859375
2025-03-20 16:37:37,21.3125,13.578125,-0.693359375
2025-03-20 16:37:37,22.609375,15.546875,0.158203125
2025-03-20 16:37:37,19.5,19.640625,0.64453125
2025-03-20 16:37:38,17.859375,17.015625,0.630859375
2025-03-20 16:37:38,16.25,17.984375,1.99609375
2025-03-20 16:37:38,18.859375,23.734375,3.62109375
2025-03-20 16:37:38,17.28125,18.1875,2.1796875
2025-03-20 16:37:38,19.0625,20.78125,1.53515625
2025-03-20 16:37:38,17.15625,22.5625,4.29296875
2025-03-20 16:37:38,15.78125,23.578125,5.69140625
2025-03-20 16:37:38,16.90625,22.40625,5.60546875
2025-03-20 16:37:38,14.28125,22.875,6.13671875
2025-03-20 16:37:38,15.328125,22.765625,5.65234375
2025-03-20 16:37:39,16.609375,22.296875,5.89453125
2025-03-20 16:37:39,17.078125,23.171875,6.57421875
2025-03-20 16:37:39,17.171875,22.75,6.12109375
2025-03-20 16:37:39,18.734375,24.875,5.62890625
2025-03-20 16:37:39,18.03125,22.875,5.89453125
2025-03-20 16:37:39,16.171875,23.71875,6.94140625
2025-03-20 16:37:39,17.34375,23.234375,5.76953125
2025-03-20 16:37:39,17.515625,23.171875,5.58984375
2025-03-20 16:37:39,16.90625,23.171875,5.08203125
2025-03-20 16:37:40,17.0,22.015625,4.3984375
2025-03-20 16:37:40,18.609375,22.40625,4.3046875
2025-03-20 16:37:40,16.203125,22.546875,5.19921875
2025-03-20 16:37:40,17.5,23.25,3.90234375
2025-03-20 16:37:40,15.3125,21.78125,5.06640625
2025-03-20 16:37:40,18.1875,24.0625,4.2734375
2025-03-20 16:37:40,16.859375,21.734375,4.85546875
2025-03-20 16:37:40,17.90625,22.3125,4.12890625
2025-03-20 16:37:40,16.921875,23.21875,4.19921875
2025-03-20 16:37:41,16.984375,23.359375,4.234375
2025-03-20 16:37:41,18.96875,23.609375,3.30859375
2025-03-20 16:37:41,20.296875,22.09375,2.7421875
2025-03-20 16:37:41,22.0,24.40625,1.69140625
2025-03-20 16:37:41,29.546875,35.90625,-3.55859375
2025-03-20 16:37:41,29.453125,46.78125,-4.9609375
2025-03-20 16:37:41,31.796875,55.875,-9.109375
2025-03-20 16:37:41,33.0625,53.6875,-9.0546875
2025-03-20 16:37:41,33.625,55.21875,-10.96875
2025-03-20 16:37:41,36.4375,55.34375,-9.890625
2025-03-20 16:37:42,35.625,52.625,-11.0859375
